This is SBCL 2.2.6, an implementation of ANSI Common Lisp.
More information about SBCL is available at <http://www.sbcl.org/>.

SBCL is free software, provided as is, with absolutely no warranty.
It is mostly in the public domain; some portions are provided under
BSD-style licenses.  See the CREDITS and COPYING files in the
distribution for more information.
(ql:quickload "...")
(ql:system-apropos "...")
--- Loaded quicklisp ---
To load "fiveam":
  Load 1 ASDF system:
    fiveam
; Loading "fiveam"

; compiling file "/Users/jeffshrager/Desktop/AIHistory/ExecutableArchaeology/repo/SimonYngve2/../IPL-V/iplv.lisp" (written 04 OCT 2026 04:32:06 PM):

; wrote /Users/jeffshrager/Desktop/AIHistory/ExecutableArchaeology/repo/SimonYngve2/iplv.fasl
; compilation finished in 0:00:02.340

+--------------------- {A0||A0-9-0|A0-205 [DATA;]} ---------------------+
| {A0||A0-9-0|A0-205 [DATA;]}                                         |
+---------------------------------------------------------------------+
0

+--------------------- {A101||A101-9-0|A101-321} ---------------------+
| {A101||A101-9-0|A101-321}                                           |
+---------------------------------------------------------------------+

+--------------------- {A201||A201-9-0|A201-413} ---------------------+
| {A201||A201-9-0|A201-413}                                           |
+---------------------------------------------------------------------+

+--------------------- {A102||A102-9-0|A102-325} ---------------------+
| {A102||A102-9-0|A102-325}                                           |
+---------------------------------------------------------------------+

+--------------------- {A202||A202-9-0|A202-416} ---------------------+
| {A202||A202-9-0|A202-416}                                           |
+---------------------------------------------------------------------+

+--------------------- {A301||A301-9-0|A301-476} ---------------------+
| {A301||A301-9-0|A301-476}                                           |
+---------------------------------------------------------------------+

+--------------------- {A203||A203-9-0|A203-419} ---------------------+
| {A203||A203-9-0|A203-419}                                           |
+---------------------------------------------------------------------+

+--------------------- {B36||B36-9-10|B36-627} ---------------------+
| {B36||B36-9-10|B36-627}                                             |
+---------------------------------------------------------------------+

+--------------------- {A205||A205-9-0|A205-425} ---------------------+
| {A205||A205-9-0|A205-425}                                           |
+---------------------------------------------------------------------+

+--------------------- {A103||A103-9-0|A103-329} ---------------------+
| {A103||A103-9-0|A103-329}                                           |
+---------------------------------------------------------------------+

+--------------------- {A13||A13-9-0|A13-264} ---------------------+
| {A13||A13-9-0|A13-264}                                              |
+---------------------------------------------------------------------+
0

+--------------------- {A14||A14-9-0|A14-268} ---------------------+
| {A14||A14-9-0|A14-268}                                              |
+---------------------------------------------------------------------+
3

+--------------------- {A117||A117-9-0|A117-385} ---------------------+
| {A117||A117-9-0|A117-385}                                           |
+---------------------------------------------------------------------+

+--------------------- {A7||A7-9-0|A7-235} ---------------------+
| {A7||A7-9-0|A7-235}                                                 |
+---------------------------------------------------------------------+
0

+--------------------- {A217||A217-9-0|A217-461} ---------------------+
| {A217||A217-9-0|A217-461}                                           |
+---------------------------------------------------------------------+

+--------------------- {B45||B45-9-10|B45-657} ---------------------+
| {B45||B45-9-10|B45-657}                                             |
+---------------------------------------------------------------------+

+--------------------- {A18||A18-9-0|A18-290} ---------------------+
| {A18||A18-9-0|A18-290}                                              |
+---------------------------------------------------------------------+
1

+--------------------- {B14||B14-9-10|B14-540} ---------------------+
| {B14||B14-9-10|B14-540}                                             |
+---------------------------------------------------------------------+

+--------------------- {A1||A1-9-0|A1-209} ---------------------+
| {A1||A1-9-0|A1-209}                                                 |
+---------------------------------------------------------------------+
2

+--------------------- {A106||A106-9-0|A106-341} ---------------------+
| {A106||A106-9-0|A106-341}                                           |
+---------------------------------------------------------------------+

+--------------------- {A12||A12-9-0|A12-257} ---------------------+
| {A12||A12-9-0|A12-257}                                              |
+---------------------------------------------------------------------+
1

+--------------------- {A303||A303-9-0|A303-484} ---------------------+
| {A303||A303-9-0|A303-484}                                           |
+---------------------------------------------------------------------+

+--------------------- {A16||A16-9-0|A16-281} ---------------------+
| {A16||A16-9-0|A16-281}                                              |
+---------------------------------------------------------------------+
1

+--------------------- {B9||B9-9-10|B9-520} ---------------------+
| {B9||B9-9-10|B9-520}                                                |
+---------------------------------------------------------------------+

+--------------------- {A4||A4-9-0|A4-223} ---------------------+
| {A4||A4-9-0|A4-223}                                                 |
+---------------------------------------------------------------------+
0

+--------------------- {A113||A113-9-0|A113-369} ---------------------+
| {A113||A113-9-0|A113-369}                                           |
+---------------------------------------------------------------------+

+--------------------- {A6||A6-9-0|A6-231} ---------------------+
| {A6||A6-9-0|A6-231}                                                 |
+---------------------------------------------------------------------+
0

+--------------------- {A14||A14-9-0|A14-268} ---------------------+
| {A14||A14-9-0|A14-268}                                              |
+---------------------------------------------------------------------+
1

+--------------------- {A216||A216-9-0|A216-458} ---------------------+
| {A216||A216-9-0|A216-458}                                           |
+---------------------------------------------------------------------+

+--------------------- {B44||B44-9-10|B44-653} ---------------------+
| {B44||B44-9-10|B44-653}                                             |
+---------------------------------------------------------------------+

+--------------------- {A5||A5-9-0|A5-227} ---------------------+
| {A5||A5-9-0|A5-227}                                                 |
+---------------------------------------------------------------------+
1

+--------------------- {A115||A115-9-0|A115-377} ---------------------+
| {A115||A115-9-0|A115-377}                                           |
+---------------------------------------------------------------------+

+--------------------- {A209||A209-9-0|A209-437} ---------------------+
| {A209||A209-9-0|A209-437}                                           |
+---------------------------------------------------------------------+

+--------------------- {B40||B40-9-10|B40-639} ---------------------+
| {B40||B40-9-10|B40-639}                                             |
+---------------------------------------------------------------------+

+--------------------- {A6||A6-9-0|A6-231} ---------------------+
| {A6||A6-9-0|A6-231}                                                 |
+---------------------------------------------------------------------+
1

+--------------------- {A8||A8-9-0|A8-240} ---------------------+
| {A8||A8-9-0|A8-240}                                                 |
+---------------------------------------------------------------------+
0

+--------------------- {A120||A120-9-0|A120-397} ---------------------+
| {A120||A120-9-0|A120-397}                                           |
+---------------------------------------------------------------------+

+--------------------- {A7||A7-9-0|A7-235} ---------------------+
| {A7||A7-9-0|A7-235}                                                 |
+---------------------------------------------------------------------+
2

+--------------------- {A304||A304-9-0|A304-488} ---------------------+
| {A304||A304-9-0|A304-488}                                           |
+---------------------------------------------------------------------+

+--------------------- {A217||A217-9-0|A217-461} ---------------------+
| {A217||A217-9-0|A217-461}                                           |
+---------------------------------------------------------------------+

+--------------------- {B45||B45-9-10|B45-657} ---------------------+
| {B45||B45-9-10|B45-657}                                             |
+---------------------------------------------------------------------+

+--------------------- {A9||A9-9-0|A9-245} ---------------------+
| {A9||A9-9-0|A9-245}                                                 |
+---------------------------------------------------------------------+
1

+--------------------- {A122||A122-9-0|A122-405} ---------------------+
| {A122||A122-9-0|A122-405}                                           |
+---------------------------------------------------------------------+

+--------------------- {A10||A10-9-0|A10-249} ---------------------+
| {A10||A10-9-0|A10-249}                                              |
+---------------------------------------------------------------------+
1

+--------------------- {A21||A21-9-0|A21-308} ---------------------+
| {A21||A21-9-0|A21-308}                                              |
+---------------------------------------------------------------------+
10

+--------------------- {B35||B35-9-10|B35-623} ---------------------+
| {B35||B35-9-10|B35-623}                                             |
+---------------------------------------------------------------------+

+--------------------- {A220||A220-9-0|A220-470} ---------------------+
| {A220||A220-9-0|A220-470}                                           |
+---------------------------------------------------------------------+

+--------------------- {B47||B47-9-10|B47-663} ---------------------+
| {B47||B47-9-10|B47-663}                                             |
+---------------------------------------------------------------------+

+--------------------- {A208||A208-9-0|A208-434} ---------------------+
| {A208||A208-9-0|A208-434}                                           |
+---------------------------------------------------------------------+

+--------------------- {A107||A107-9-0|A107-345} ---------------------+
| {A107||A107-9-0|A107-345}                                           |
+---------------------------------------------------------------------+

+--------------------- {A15||A15-9-0|A15-277} ---------------------+
| {A15||A15-9-0|A15-277}                                              |
+---------------------------------------------------------------------+
0

+--------------------- {B6||B6-9-10|B6-509} ---------------------+
| {B6||B6-9-10|B6-509}                                                |
+---------------------------------------------------------------------+

+--------------------- {A4||A4-9-0|A4-223} ---------------------+
| {A4||A4-9-0|A4-223}                                                 |
+---------------------------------------------------------------------+
1

+--------------------- {A6||A6-9-0|A6-231} ---------------------+
| {A6||A6-9-0|A6-231}                                                 |
+---------------------------------------------------------------------+
1

+--------------------- {A8||A8-9-0|A8-240} ---------------------+
| {A8||A8-9-0|A8-240}                                                 |
+---------------------------------------------------------------------+
0

+--------------------- {A120||A120-9-0|A120-397} ---------------------+
| {A120||A120-9-0|A120-397}                                           |
+---------------------------------------------------------------------+

+--------------------- {A7||A7-9-0|A7-235} ---------------------+
| {A7||A7-9-0|A7-235}                                                 |
+---------------------------------------------------------------------+
0

+--------------------- {A217||A217-9-0|A217-461} ---------------------+
| {A217||A217-9-0|A217-461}                                           |
+---------------------------------------------------------------------+

+--------------------- {B45||B45-9-10|B45-657} ---------------------+
| {B45||B45-9-10|B45-657}                                             |
+---------------------------------------------------------------------+

+--------------------- {A9||A9-9-0|A9-245} ---------------------+
| {A9||A9-9-0|A9-245}                                                 |
+---------------------------------------------------------------------+
0

+--------------------- {A121||A121-9-0|A121-401} ---------------------+
| {A121||A121-9-0|A121-401}                                           |
+---------------------------------------------------------------------+

+--------------------- {A221||A221-9-0|A221-473} ---------------------+
| {A221||A221-9-0|A221-473}                                           |
+---------------------------------------------------------------------+

+--------------------- {B48||B48-9-10|B48-666} ---------------------+
| {B48||B48-9-10|B48-666}                                             |
+---------------------------------------------------------------------+

+--------------------- {A219||A219-9-0|A219-467} ---------------------+
| {A219||A219-9-0|A219-467}                                           |
+---------------------------------------------------------------------+

+--------------------- {A122||A122-9-0|A122-405} ---------------------+
| {A122||A122-9-0|A122-405}                                           |
+---------------------------------------------------------------------+

+--------------------- {A10||A10-9-0|A10-249} ---------------------+
| {A10||A10-9-0|A10-249}                                              |
+---------------------------------------------------------------------+
0

+--------------------- {A123||A123-9-0|A123-409} ---------------------+
| {A123||A123-9-0|A123-409}                                           |
+---------------------------------------------------------------------+

+--------------------- {A11||A11-9-0|A11-253} ---------------------+
| {A11||A11-9-0|A11-253}                                              |
+---------------------------------------------------------------------+
0

+--------------------- {A108||A108-9-0|A108-349} ---------------------+
| {A108||A108-9-0|A108-349}                                           |
+---------------------------------------------------------------------+

+--------------------- {A20||A20-9-0|A20-298} ---------------------+
| {A20||A20-9-0|A20-298}                                              |
+---------------------------------------------------------------------+
4

+--------------------- {B21||B21-9-10|B21-566} ---------------------+
| {B21||B21-9-10|B21-566}                                             |
+---------------------------------------------------------------------+

+--------------------- {A3||A3-9-0|A3-219} ---------------------+
| {A3||A3-9-0|A3-219}                                                 |
+---------------------------------------------------------------------+
1

+--------------------- {A110||A110-9-0|A110-357} ---------------------+
| {A110||A110-9-0|A110-357}                                           |
+---------------------------------------------------------------------+

+--------------------- {A209||A209-9-0|A209-437} ---------------------+
| {A209||A209-9-0|A209-437}                                           |
+---------------------------------------------------------------------+

+--------------------- {B40||B40-9-10|B40-639} ---------------------+
| {B40||B40-9-10|B40-639}                                             |
+---------------------------------------------------------------------+

+--------------------- {A20||A20-9-0|A20-298} ---------------------+
| {A20||A20-9-0|A20-298}                                              |
+---------------------------------------------------------------------+
5

+--------------------- {B22||B22-9-10|B22-570} ---------------------+
| {B22||B22-9-10|B22-570}                                             |
+---------------------------------------------------------------------+

+--------------------- {A21||A21-9-0|A21-308} ---------------------+
| {A21||A21-9-0|A21-308}                                              |
+---------------------------------------------------------------------+
5

+--------------------- {B30||B30-9-10|B30-601} ---------------------+
| {B30||B30-9-10|B30-601}                                             |
+---------------------------------------------------------------------+

+--------------------- {A220||A220-9-0|A220-470} ---------------------+
| {A220||A220-9-0|A220-470}                                           |
+---------------------------------------------------------------------+

+--------------------- {B47||B47-9-10|B47-663} ---------------------+
| {B47||B47-9-10|B47-663}                                             |
+---------------------------------------------------------------------+

+--------------------- {A2||A2-9-0|A2-214} ---------------------+
| {A2||A2-9-0|A2-214}                                                 |
+---------------------------------------------------------------------+
2

+--------------------- {A111||A111-9-0|A111-361} ---------------------+
| {A111||A111-9-0|A111-361}                                           |
+---------------------------------------------------------------------+

+--------------------- {A211||A211-9-0|A211-443} ---------------------+
| {A211||A211-9-0|A211-443}                                           |
+---------------------------------------------------------------------+

+--------------------- {B41||B41-9-10|B41-642 [STRAY PERIOD AS IN ORIGINAL;]} ---------------------+
| {B41||B41-9-10|B41-642 [STRAY PERIOD AS IN ORIGINAL;]}              |
+---------------------------------------------------------------------+

+--------------------- {A212||A212-9-0|A212-446} ---------------------+
| {A212||A212-9-0|A212-446}                                           |
+---------------------------------------------------------------------+

+--------------------- {A112||A112-9-0|A112-365} ---------------------+
| {A112||A112-9-0|A112-365}                                           |
+---------------------------------------------------------------------+

+--------------------- {A213||A213-9-0|A213-449} ---------------------+
| {A213||A213-9-0|A213-449}                                           |
+---------------------------------------------------------------------+

+--------------------- {B42||B42-9-10|B42-646} ---------------------+
| {B42||B42-9-10|B42-646}                                             |
+---------------------------------------------------------------------+

+--------------------- {A4||A4-9-0|A4-223} ---------------------+
| {A4||A4-9-0|A4-223}                                                 |
+---------------------------------------------------------------------+
0

+--------------------- {A113||A113-9-0|A113-369} ---------------------+
| {A113||A113-9-0|A113-369}                                           |
+---------------------------------------------------------------------+

+--------------------- {A6||A6-9-0|A6-231} ---------------------+
| {A6||A6-9-0|A6-231}                                                 |
+---------------------------------------------------------------------+
0

+--------------------- {A14||A14-9-0|A14-268} ---------------------+
| {A14||A14-9-0|A14-268}                                              |
+---------------------------------------------------------------------+
4

+--------------------- {A118||A118-9-0|A118-389} ---------------------+
| {A118||A118-9-0|A118-389}                                           |
+---------------------------------------------------------------------+

+--------------------- {A7||A7-9-0|A7-235} ---------------------+
| {A7||A7-9-0|A7-235}                                                 |
+---------------------------------------------------------------------+
2

+--------------------- {A304||A304-9-0|A304-488} ---------------------+
| {A304||A304-9-0|A304-488}                                           |
+---------------------------------------------------------------------+

+--------------------- {A217||A217-9-0|A217-461} ---------------------+
| {A217||A217-9-0|A217-461}                                           |
+---------------------------------------------------------------------+

+--------------------- {B45||B45-9-10|B45-657} ---------------------+
| {B45||B45-9-10|B45-657}                                             |
+---------------------------------------------------------------------+

+--------------------- {A10||A10-9-0|A10-249} ---------------------+
| {A10||A10-9-0|A10-249}                                              |
+---------------------------------------------------------------------+
1

+--------------------- {A21||A21-9-0|A21-308} ---------------------+
| {A21||A21-9-0|A21-308}                                              |
+---------------------------------------------------------------------+
3

+--------------------- {B28||B28-9-10|B28-594} ---------------------+
| {B28||B28-9-10|B28-594}                                             |
+---------------------------------------------------------------------+

+--------------------- {A208||A208-9-0|A208-434} ---------------------+
| {A208||A208-9-0|A208-434}                                           |
+---------------------------------------------------------------------+

+--------------------- {A107||A107-9-0|A107-345} ---------------------+
| {A107||A107-9-0|A107-345}                                           |
+---------------------------------------------------------------------+

+--------------------- {A15||A15-9-0|A15-277} ---------------------+
| {A15||A15-9-0|A15-277}                                              |
+---------------------------------------------------------------------+
0

+--------------------- {B6||B6-9-10|B6-509} ---------------------+
| {B6||B6-9-10|B6-509}                                                |
+---------------------------------------------------------------------+

+--------------------- {A4||A4-9-0|A4-223} ---------------------+
| {A4||A4-9-0|A4-223}                                                 |
+---------------------------------------------------------------------+
0

+--------------------- {A113||A113-9-0|A113-369} ---------------------+
| {A113||A113-9-0|A113-369}                                           |
+---------------------------------------------------------------------+

+--------------------- {A6||A6-9-0|A6-231} ---------------------+
| {A6||A6-9-0|A6-231}                                                 |
+---------------------------------------------------------------------+
1

+--------------------- {A8||A8-9-0|A8-240} ---------------------+
| {A8||A8-9-0|A8-240}                                                 |
+---------------------------------------------------------------------+
0

+--------------------- {A120||A120-9-0|A120-397} ---------------------+
| {A120||A120-9-0|A120-397}                                           |
+---------------------------------------------------------------------+

+--------------------- {A7||A7-9-0|A7-235} ---------------------+
| {A7||A7-9-0|A7-235}                                                 |
+---------------------------------------------------------------------+
0

+--------------------- {A217||A217-9-0|A217-461} ---------------------+
| {A217||A217-9-0|A217-461}                                           |
+---------------------------------------------------------------------+

+--------------------- {B45||B45-9-10|B45-657} ---------------------+
| {B45||B45-9-10|B45-657}                                             |
+---------------------------------------------------------------------+

+--------------------- {A9||A9-9-0|A9-245} ---------------------+
| {A9||A9-9-0|A9-245}                                                 |
+---------------------------------------------------------------------+
1

+--------------------- {A122||A122-9-0|A122-405} ---------------------+
| {A122||A122-9-0|A122-405}                                           |
+---------------------------------------------------------------------+

+--------------------- {A10||A10-9-0|A10-249} ---------------------+
| {A10||A10-9-0|A10-249}                                              |
+---------------------------------------------------------------------+
0

+--------------------- {A123||A123-9-0|A123-409} ---------------------+
| {A123||A123-9-0|A123-409}                                           |
+---------------------------------------------------------------------+

+--------------------- {A11||A11-9-0|A11-253} ---------------------+
| {A11||A11-9-0|A11-253}                                              |
+---------------------------------------------------------------------+
0

+--------------------- {A108||A108-9-0|A108-349} ---------------------+
| {A108||A108-9-0|A108-349}                                           |
+---------------------------------------------------------------------+

+--------------------- {A20||A20-9-0|A20-298} ---------------------+
| {A20||A20-9-0|A20-298}                                              |
+---------------------------------------------------------------------+
6

+--------------------- {B23||B23-9-10|B23-573} ---------------------+
| {B23||B23-9-10|B23-573}                                             |
+---------------------------------------------------------------------+

+--------------------- {A3||A3-9-0|A3-219} ---------------------+
| {A3||A3-9-0|A3-219}                                                 |
+---------------------------------------------------------------------+
0

+--------------------- {A109||A109-9-0|A109-353} ---------------------+
| {A109||A109-9-0|A109-353}                                           |
+---------------------------------------------------------------------+

+--------------------- {A204||A204-9-0|A204-422} ---------------------+
| {A204||A204-9-0|A204-422}                                           |
+---------------------------------------------------------------------+

+--------------------- {B37||B37-9-10|B37-630} ---------------------+
| {B37||B37-9-10|B37-630}                                             |
+---------------------------------------------------------------------+

+--------------------- {A210||A210-9-0|A210-440} ---------------------+
| {A210||A210-9-0|A210-440}                                           |
+---------------------------------------------------------------------+

+--------------------- {A108||A108-9-0|A108-349} ---------------------+
| {A108||A108-9-0|A108-349}                                           |
+---------------------------------------------------------------------+

+--------------------- {A20||A20-9-0|A20-298} ---------------------+
| {A20||A20-9-0|A20-298}                                              |
+---------------------------------------------------------------------+
3

+--------------------- {B20||B20-9-10|B20-562} ---------------------+
| {B20||B20-9-10|B20-562}                                             |
+---------------------------------------------------------------------+

+--------------------- {A3||A3-9-0|A3-219} ---------------------+
| {A3||A3-9-0|A3-219}                                                 |
+---------------------------------------------------------------------+
0

+--------------------- {A109||A109-9-0|A109-353} ---------------------+
| {A109||A109-9-0|A109-353}                                           |
+---------------------------------------------------------------------+

+--------------------- {A204||A204-9-0|A204-422} ---------------------+
| {A204||A204-9-0|A204-422}                                           |
+---------------------------------------------------------------------+

+--------------------- {B37||B37-9-10|B37-630} ---------------------+
| {B37||B37-9-10|B37-630}                                             |
+---------------------------------------------------------------------+

+--------------------- {A210||A210-9-0|A210-440} ---------------------+
| {A210||A210-9-0|A210-440}                                           |
+---------------------------------------------------------------------+

+--------------------- {A108||A108-9-0|A108-349} ---------------------+
| {A108||A108-9-0|A108-349}                                           |
+---------------------------------------------------------------------+

+--------------------- {A20||A20-9-0|A20-298} ---------------------+
| {A20||A20-9-0|A20-298}                                              |
+---------------------------------------------------------------------+
0

+--------------------- {B17||B17-9-10|B17-550} ---------------------+
| {B17||B17-9-10|B17-550}                                             |
+---------------------------------------------------------------------+

+--------------------- {A3||A3-9-0|A3-219} ---------------------+
| {A3||A3-9-0|A3-219}                                                 |
+---------------------------------------------------------------------+
1

+--------------------- {A110||A110-9-0|A110-357} ---------------------+
| {A110||A110-9-0|A110-357}                                           |
+---------------------------------------------------------------------+

+--------------------- {A209||A209-9-0|A209-437} ---------------------+
| {A209||A209-9-0|A209-437}                                           |
+---------------------------------------------------------------------+

+--------------------- {B40||B40-9-10|B40-639} ---------------------+
| {B40||B40-9-10|B40-639}                                             |
+---------------------------------------------------------------------+

+--------------------- {A20||A20-9-0|A20-298} ---------------------+
| {A20||A20-9-0|A20-298}                                              |
+---------------------------------------------------------------------+
5

+--------------------- {B22||B22-9-10|B22-570} ---------------------+
| {B22||B22-9-10|B22-570}                                             |
+---------------------------------------------------------------------+

+--------------------- {A21||A21-9-0|A21-308} ---------------------+
| {A21||A21-9-0|A21-308}                                              |
+---------------------------------------------------------------------+
7

+--------------------- {B32||B32-9-10|B32-610} ---------------------+
| {B32||B32-9-10|B32-610}                                             |
+---------------------------------------------------------------------+

+--------------------- {A220||A220-9-0|A220-470} ---------------------+
| {A220||A220-9-0|A220-470}                                           |
+---------------------------------------------------------------------+

+--------------------- {B47||B47-9-10|B47-663} ---------------------+
| {B47||B47-9-10|B47-663}                                             |
+---------------------------------------------------------------------+

+--------------------- {A5||A5-9-0|A5-227} ---------------------+
| {A5||A5-9-0|A5-227}                                                 |
+---------------------------------------------------------------------+
1

+--------------------- {A115||A115-9-0|A115-377} ---------------------+
| {A115||A115-9-0|A115-377}                                           |
+---------------------------------------------------------------------+

+--------------------- {A209||A209-9-0|A209-437} ---------------------+
| {A209||A209-9-0|A209-437}                                           |
+---------------------------------------------------------------------+

+--------------------- {B40||B40-9-10|B40-639} ---------------------+
| {B40||B40-9-10|B40-639}                                             |
+---------------------------------------------------------------------+

+--------------------- {A6||A6-9-0|A6-231} ---------------------+
| {A6||A6-9-0|A6-231}                                                 |
+---------------------------------------------------------------------+
0

+--------------------- {A14||A14-9-0|A14-268} ---------------------+
| {A14||A14-9-0|A14-268}                                              |
+---------------------------------------------------------------------+
1

+--------------------- {A216||A216-9-0|A216-458} ---------------------+
| {A216||A216-9-0|A216-458}                                           |
+---------------------------------------------------------------------+

+--------------------- {B44||B44-9-10|B44-653} ---------------------+
| {B44||B44-9-10|B44-653}                                             |
+---------------------------------------------------------------------+

+--------------------- {A5||A5-9-0|A5-227} ---------------------+
| {A5||A5-9-0|A5-227}                                                 |
+---------------------------------------------------------------------+
1

+--------------------- {A115||A115-9-0|A115-377} ---------------------+
| {A115||A115-9-0|A115-377}                                           |
+---------------------------------------------------------------------+

+--------------------- {A209||A209-9-0|A209-437} ---------------------+
| {A209||A209-9-0|A209-437}                                           |
+---------------------------------------------------------------------+

+--------------------- {B40||B40-9-10|B40-639} ---------------------+
| {B40||B40-9-10|B40-639}                                             |
+---------------------------------------------------------------------+

+--------------------- {A6||A6-9-0|A6-231} ---------------------+
| {A6||A6-9-0|A6-231}                                                 |
+---------------------------------------------------------------------+
1

+--------------------- {A8||A8-9-0|A8-240} ---------------------+
| {A8||A8-9-0|A8-240}                                                 |
+---------------------------------------------------------------------+
2

+--------------------- {A122||A122-9-0|A122-405} ---------------------+
| {A122||A122-9-0|A122-405}                                           |
+---------------------------------------------------------------------+

+--------------------- {A10||A10-9-0|A10-249} ---------------------+
| {A10||A10-9-0|A10-249}                                              |
+---------------------------------------------------------------------+
0

+--------------------- {A123||A123-9-0|A123-409} ---------------------+
| {A123||A123-9-0|A123-409}                                           |
+---------------------------------------------------------------------+

+--------------------- {A11||A11-9-0|A11-253} ---------------------+
| {A11||A11-9-0|A11-253}                                              |
+---------------------------------------------------------------------+
0

+--------------------- {A108||A108-9-0|A108-349} ---------------------+
| {A108||A108-9-0|A108-349}                                           |
+---------------------------------------------------------------------+

+--------------------- {A20||A20-9-0|A20-298} ---------------------+
| {A20||A20-9-0|A20-298}                                              |
+---------------------------------------------------------------------+
3

+--------------------- {B20||B20-9-10|B20-562} ---------------------+
| {B20||B20-9-10|B20-562}                                             |
+---------------------------------------------------------------------+

+--------------------- {A3||A3-9-0|A3-219} ---------------------+
| {A3||A3-9-0|A3-219}                                                 |
+---------------------------------------------------------------------+
1

+--------------------- {A110||A110-9-0|A110-357} ---------------------+
| {A110||A110-9-0|A110-357}                                           |
+---------------------------------------------------------------------+

+--------------------- {A209||A209-9-0|A209-437} ---------------------+
| {A209||A209-9-0|A209-437}                                           |
+---------------------------------------------------------------------+

+--------------------- {B40||B40-9-10|B40-639} ---------------------+
| {B40||B40-9-10|B40-639}                                             |
+---------------------------------------------------------------------+

+--------------------- {A20||A20-9-0|A20-298} ---------------------+
| {A20||A20-9-0|A20-298}                                              |
+---------------------------------------------------------------------+
1

+--------------------- {B18||B18-9-10|B18-554} ---------------------+
| {B18||B18-9-10|B18-554}                                             |
+---------------------------------------------------------------------+

+--------------------- {A21||A21-9-0|A21-308} ---------------------+
| {A21||A21-9-0|A21-308}                                              |
+---------------------------------------------------------------------+
8

+--------------------- {B33||B33-9-10|B33-614} ---------------------+
| {B33||B33-9-10|B33-614}                                             |
+---------------------------------------------------------------------+

+--------------------- {A220||A220-9-0|A220-470} ---------------------+
| {A220||A220-9-0|A220-470}                                           |
+---------------------------------------------------------------------+

+--------------------- {B47||B47-9-10|B47-663} ---------------------+
| {B47||B47-9-10|B47-663}                                             |
+---------------------------------------------------------------------+

+--------------------- {A204||A204-9-0|A204-422} ---------------------+
| {A204||A204-9-0|A204-422}                                           |
+---------------------------------------------------------------------+

+--------------------- {B37||B37-9-10|B37-630} ---------------------+
| {B37||B37-9-10|B37-630}                                             |
+---------------------------------------------------------------------+

+--------------------- {A205||A205-9-0|A205-425} ---------------------+
| {A205||A205-9-0|A205-425}                                           |
+---------------------------------------------------------------------+

+--------------------- {A103||A103-9-0|A103-329} ---------------------+
| {A103||A103-9-0|A103-329}                                           |
+---------------------------------------------------------------------+

+--------------------- {A13||A13-9-0|A13-264} ---------------------+
| {A13||A13-9-0|A13-264}                                              |
+---------------------------------------------------------------------+
0

+--------------------- {A14||A14-9-0|A14-268} ---------------------+
| {A14||A14-9-0|A14-268}                                              |
+---------------------------------------------------------------------+
3

+--------------------- {A117||A117-9-0|A117-385} ---------------------+
| {A117||A117-9-0|A117-385}                                           |
+---------------------------------------------------------------------+

+--------------------- {A7||A7-9-0|A7-235} ---------------------+
| {A7||A7-9-0|A7-235}                                                 |
+---------------------------------------------------------------------+
1

+--------------------- {A19||A19-9-0|A19-294} ---------------------+
| {A19||A19-9-0|A19-294}                                              |
+---------------------------------------------------------------------+
1

+--------------------- {B16||B16-9-10|B16-547} ---------------------+
| {B16||B16-9-10|B16-547}                                             |
+---------------------------------------------------------------------+

+--------------------- {A18||A18-9-0|A18-290} ---------------------+
| {A18||A18-9-0|A18-290}                                              |
+---------------------------------------------------------------------+
1

+--------------------- {B14||B14-9-10|B14-540} ---------------------+
| {B14||B14-9-10|B14-540}                                             |
+---------------------------------------------------------------------+

+--------------------- {A1||A1-9-0|A1-209} ---------------------+
| {A1||A1-9-0|A1-209}                                                 |
+---------------------------------------------------------------------+
2

+--------------------- {A106||A106-9-0|A106-341} ---------------------+
| {A106||A106-9-0|A106-341}                                           |
+---------------------------------------------------------------------+

+--------------------- {A12||A12-9-0|A12-257} ---------------------+
| {A12||A12-9-0|A12-257}                                              |
+---------------------------------------------------------------------+
2

+--------------------- {B1||B1-9-10|B1-492} ---------------------+
| {B1||B1-9-10|B1-492}                                                |
+---------------------------------------------------------------------+

+--------------------- {A4||A4-9-0|A4-223} ---------------------+
| {A4||A4-9-0|A4-223}                                                 |
+---------------------------------------------------------------------+
0

+--------------------- {A113||A113-9-0|A113-369} ---------------------+
| {A113||A113-9-0|A113-369}                                           |
+---------------------------------------------------------------------+

+--------------------- {A6||A6-9-0|A6-231} ---------------------+
| {A6||A6-9-0|A6-231}                                                 |
+---------------------------------------------------------------------+
1

+--------------------- {A8||A8-9-0|A8-240} ---------------------+
| {A8||A8-9-0|A8-240}                                                 |
+---------------------------------------------------------------------+
0

+--------------------- {A120||A120-9-0|A120-397} ---------------------+
| {A120||A120-9-0|A120-397}                                           |
+---------------------------------------------------------------------+

+--------------------- {A7||A7-9-0|A7-235} ---------------------+
| {A7||A7-9-0|A7-235}                                                 |
+---------------------------------------------------------------------+
1

+--------------------- {A19||A19-9-0|A19-294} ---------------------+
| {A19||A19-9-0|A19-294}                                              |
+---------------------------------------------------------------------+
0

+--------------------- {B15||B15-9-10|B15-544} ---------------------+
| {B15||B15-9-10|B15-544}                                             |
+---------------------------------------------------------------------+

+--------------------- {A9||A9-9-0|A9-245} ---------------------+
| {A9||A9-9-0|A9-245}                                                 |
+---------------------------------------------------------------------+
1

+--------------------- {A122||A122-9-0|A122-405} ---------------------+
| {A122||A122-9-0|A122-405}                                           |
+---------------------------------------------------------------------+

+--------------------- {A10||A10-9-0|A10-249} ---------------------+
| {A10||A10-9-0|A10-249}                                              |
+---------------------------------------------------------------------+
0

+--------------------- {A123||A123-9-0|A123-409} ---------------------+
| {A123||A123-9-0|A123-409}                                           |
+---------------------------------------------------------------------+

+--------------------- {A11||A11-9-0|A11-253} ---------------------+
| {A11||A11-9-0|A11-253}                                              |
+---------------------------------------------------------------------+
1

+--------------------- {A20||A20-9-0|A20-298} ---------------------+
| {A20||A20-9-0|A20-298}                                              |
+---------------------------------------------------------------------+
1

+--------------------- {B18||B18-9-10|B18-554} ---------------------+
| {B18||B18-9-10|B18-554}                                             |
+---------------------------------------------------------------------+

+--------------------- {A21||A21-9-0|A21-308} ---------------------+
| {A21||A21-9-0|A21-308}                                              |
+---------------------------------------------------------------------+
9

+--------------------- {B34||B34-9-10|B34-619} ---------------------+
| {B34||B34-9-10|B34-619}                                             |
+---------------------------------------------------------------------+

+--------------------- {A220||A220-9-0|A220-470} ---------------------+
| {A220||A220-9-0|A220-470}                                           |
+---------------------------------------------------------------------+

+--------------------- {B47||B47-9-10|B47-663} ---------------------+
| {B47||B47-9-10|B47-663}                                             |
+---------------------------------------------------------------------+

+--------------------- {A5||A5-9-0|A5-227} ---------------------+
| {A5||A5-9-0|A5-227}                                                 |
+---------------------------------------------------------------------+
1

+--------------------- {A115||A115-9-0|A115-377} ---------------------+
| {A115||A115-9-0|A115-377}                                           |
+---------------------------------------------------------------------+

+--------------------- {A209||A209-9-0|A209-437} ---------------------+
| {A209||A209-9-0|A209-437}                                           |
+---------------------------------------------------------------------+

+--------------------- {B40||B40-9-10|B40-639} ---------------------+
| {B40||B40-9-10|B40-639}                                             |
+---------------------------------------------------------------------+

+--------------------- {A6||A6-9-0|A6-231} ---------------------+
| {A6||A6-9-0|A6-231}                                                 |
+---------------------------------------------------------------------+
1

+--------------------- {A8||A8-9-0|A8-240} ---------------------+
| {A8||A8-9-0|A8-240}                                                 |
+---------------------------------------------------------------------+
1

+--------------------- {A121||A121-9-0|A121-401} ---------------------+
| {A121||A121-9-0|A121-401}                                           |
+---------------------------------------------------------------------+

+--------------------- {A221||A221-9-0|A221-473} ---------------------+
| {A221||A221-9-0|A221-473}                                           |
+---------------------------------------------------------------------+

+--------------------- {B48||B48-9-10|B48-666} ---------------------+
| {B48||B48-9-10|B48-666}                                             |
+---------------------------------------------------------------------+

+--------------------- {A219||A219-9-0|A219-467} ---------------------+
| {A219||A219-9-0|A219-467}                                           |
+---------------------------------------------------------------------+

+--------------------- {A122||A122-9-0|A122-405} ---------------------+
| {A122||A122-9-0|A122-405}                                           |
+---------------------------------------------------------------------+

+--------------------- {A10||A10-9-0|A10-249} ---------------------+
| {A10||A10-9-0|A10-249}                                              |
+---------------------------------------------------------------------+
1

+--------------------- {A21||A21-9-0|A21-308} ---------------------+
| {A21||A21-9-0|A21-308}                                              |
+---------------------------------------------------------------------+
9

+--------------------- {B34||B34-9-10|B34-619} ---------------------+
| {B34||B34-9-10|B34-619}                                             |
+---------------------------------------------------------------------+

+--------------------- {A220||A220-9-0|A220-470} ---------------------+
| {A220||A220-9-0|A220-470}                                           |
+---------------------------------------------------------------------+

+--------------------- {B47||B47-9-10|B47-663} ---------------------+
| {B47||B47-9-10|B47-663}                                             |
+---------------------------------------------------------------------+
::::::::::::::::::::::::::::::::            WHEN THE STEAM MAKES SMALL AND THE FIREBOX S IN THE FOUR HEATED AND  
::::::::::::::::::::::::::::::::           BIG SANDDOME S PROUD. OF THE BELL IN THE LITTLE , POLISHED , BLACK AND
::::::::::::::::::::::::::::::::           BIG WHEEL S AND SMALL AND POLISHED AND SHINY SMOKESTACK S , ITS STEAM 
::::::::::::::::::::::::::::::::           KEEPS HIS SHINY BOILER S AND FOUR BOILER S                            

+--------------------- {A0||A0-9-0|A0-205 [DATA;]} ---------------------+
| {A0||A0-9-0|A0-205 [DATA;]}                                         |
+---------------------------------------------------------------------+
0

+--------------------- {A101||A101-9-0|A101-321} ---------------------+
| {A101||A101-9-0|A101-321}                                           |
+---------------------------------------------------------------------+

+--------------------- {A201||A201-9-0|A201-413} ---------------------+
| {A201||A201-9-0|A201-413}                                           |
+---------------------------------------------------------------------+

+--------------------- {A102||A102-9-0|A102-325} ---------------------+
| {A102||A102-9-0|A102-325}                                           |
+---------------------------------------------------------------------+

+--------------------- {A202||A202-9-0|A202-416} ---------------------+
| {A202||A202-9-0|A202-416}                                           |
+---------------------------------------------------------------------+

+--------------------- {A301||A301-9-0|A301-476} ---------------------+
| {A301||A301-9-0|A301-476}                                           |
+---------------------------------------------------------------------+

+--------------------- {A203||A203-9-0|A203-419} ---------------------+
| {A203||A203-9-0|A203-419}                                           |
+---------------------------------------------------------------------+

+--------------------- {B36||B36-9-10|B36-627} ---------------------+
| {B36||B36-9-10|B36-627}                                             |
+---------------------------------------------------------------------+

+--------------------- {A205||A205-9-0|A205-425} ---------------------+
| {A205||A205-9-0|A205-425}                                           |
+---------------------------------------------------------------------+

+--------------------- {A103||A103-9-0|A103-329} ---------------------+
| {A103||A103-9-0|A103-329}                                           |
+---------------------------------------------------------------------+

+--------------------- {A13||A13-9-0|A13-264} ---------------------+
| {A13||A13-9-0|A13-264}                                              |
+---------------------------------------------------------------------+
1

+--------------------- {B4||B4-9-10|B4-503} ---------------------+
| {B4||B4-9-10|B4-503}                                                |
+---------------------------------------------------------------------+

+--------------------- {A1||A1-9-0|A1-209} ---------------------+
| {A1||A1-9-0|A1-209}                                                 |
+---------------------------------------------------------------------+
0

+--------------------- {A104||A104-9-0|A104-333} ---------------------+
| {A104||A104-9-0|A104-333}                                           |
+---------------------------------------------------------------------+

+--------------------- {A206||A206-9-0|A206-428} ---------------------+
| {A206||A206-9-0|A206-428}                                           |
+---------------------------------------------------------------------+

+--------------------- {B38||B38-9-10|B38-633} ---------------------+
| {B38||B38-9-10|B38-633}                                             |
+---------------------------------------------------------------------+

+--------------------- {A2||A2-9-0|A2-214} ---------------------+
| {A2||A2-9-0|A2-214}                                                 |
+---------------------------------------------------------------------+
2

+--------------------- {A111||A111-9-0|A111-361} ---------------------+
| {A111||A111-9-0|A111-361}                                           |
+---------------------------------------------------------------------+

+--------------------- {A211||A211-9-0|A211-443} ---------------------+
| {A211||A211-9-0|A211-443}                                           |
+---------------------------------------------------------------------+

+--------------------- {B41||B41-9-10|B41-642 [STRAY PERIOD AS IN ORIGINAL;]} ---------------------+
| {B41||B41-9-10|B41-642 [STRAY PERIOD AS IN ORIGINAL;]}              |
+---------------------------------------------------------------------+

+--------------------- {A212||A212-9-0|A212-446} ---------------------+
| {A212||A212-9-0|A212-446}                                           |
+---------------------------------------------------------------------+

+--------------------- {A112||A112-9-0|A112-365} ---------------------+
| {A112||A112-9-0|A112-365}                                           |
+---------------------------------------------------------------------+

+--------------------- {A213||A213-9-0|A213-449} ---------------------+
| {A213||A213-9-0|A213-449}                                           |
+---------------------------------------------------------------------+

+--------------------- {B42||B42-9-10|B42-646} ---------------------+
| {B42||B42-9-10|B42-646}                                             |
+---------------------------------------------------------------------+

+--------------------- {A4||A4-9-0|A4-223} ---------------------+
| {A4||A4-9-0|A4-223}                                                 |
+---------------------------------------------------------------------+
0

+--------------------- {A113||A113-9-0|A113-369} ---------------------+
| {A113||A113-9-0|A113-369}                                           |
+---------------------------------------------------------------------+

+--------------------- {A6||A6-9-0|A6-231} ---------------------+
| {A6||A6-9-0|A6-231}                                                 |
+---------------------------------------------------------------------+
1

+--------------------- {A8||A8-9-0|A8-240} ---------------------+
| {A8||A8-9-0|A8-240}                                                 |
+---------------------------------------------------------------------+
2

+--------------------- {A122||A122-9-0|A122-405} ---------------------+
| {A122||A122-9-0|A122-405}                                           |
+---------------------------------------------------------------------+

+--------------------- {A10||A10-9-0|A10-249} ---------------------+
| {A10||A10-9-0|A10-249}                                              |
+---------------------------------------------------------------------+
0

+--------------------- {A123||A123-9-0|A123-409} ---------------------+
| {A123||A123-9-0|A123-409}                                           |
+---------------------------------------------------------------------+

+--------------------- {A11||A11-9-0|A11-253} ---------------------+
| {A11||A11-9-0|A11-253}                                              |
+---------------------------------------------------------------------+
1

+--------------------- {A20||A20-9-0|A20-298} ---------------------+
| {A20||A20-9-0|A20-298}                                              |
+---------------------------------------------------------------------+
0

+--------------------- {B17||B17-9-10|B17-550} ---------------------+
| {B17||B17-9-10|B17-550}                                             |
+---------------------------------------------------------------------+

+--------------------- {A21||A21-9-0|A21-308} ---------------------+
| {A21||A21-9-0|A21-308}                                              |
+---------------------------------------------------------------------+
4

+--------------------- {B29||B29-9-10|B29-597} ---------------------+
| {B29||B29-9-10|B29-597}                                             |
+---------------------------------------------------------------------+

+--------------------- {A220||A220-9-0|A220-470} ---------------------+
| {A220||A220-9-0|A220-470}                                           |
+---------------------------------------------------------------------+

+--------------------- {B47||B47-9-10|B47-663} ---------------------+
| {B47||B47-9-10|B47-663}                                             |
+---------------------------------------------------------------------+

+--------------------- {A5||A5-9-0|A5-227} ---------------------+
| {A5||A5-9-0|A5-227}                                                 |
+---------------------------------------------------------------------+
0

+--------------------- {A114||A114-9-0|A114-373} ---------------------+
| {A114||A114-9-0|A114-373}                                           |
+---------------------------------------------------------------------+

+--------------------- {A204||A204-9-0|A204-422} ---------------------+
| {A204||A204-9-0|A204-422}                                           |
+---------------------------------------------------------------------+

+--------------------- {B37||B37-9-10|B37-630} ---------------------+
| {B37||B37-9-10|B37-630}                                             |
+---------------------------------------------------------------------+

+--------------------- {A214||A214-9-0|A214-452} ---------------------+
| {A214||A214-9-0|A214-452}                                           |
+---------------------------------------------------------------------+

+--------------------- {A113||A113-9-0|A113-369} ---------------------+
| {A113||A113-9-0|A113-369}                                           |
+---------------------------------------------------------------------+

+--------------------- {A6||A6-9-0|A6-231} ---------------------+
| {A6||A6-9-0|A6-231}                                                 |
+---------------------------------------------------------------------+
0

+--------------------- {A14||A14-9-0|A14-268} ---------------------+
| {A14||A14-9-0|A14-268}                                              |
+---------------------------------------------------------------------+
2

+--------------------- {A18||A18-9-0|A18-290} ---------------------+
| {A18||A18-9-0|A18-290}                                              |
+---------------------------------------------------------------------+
1

+--------------------- {B14||B14-9-10|B14-540} ---------------------+
| {B14||B14-9-10|B14-540}                                             |
+---------------------------------------------------------------------+

+--------------------- {A5||A5-9-0|A5-227} ---------------------+
| {A5||A5-9-0|A5-227}                                                 |
+---------------------------------------------------------------------+
0

+--------------------- {A114||A114-9-0|A114-373} ---------------------+
| {A114||A114-9-0|A114-373}                                           |
+---------------------------------------------------------------------+

+--------------------- {A204||A204-9-0|A204-422} ---------------------+
| {A204||A204-9-0|A204-422}                                           |
+---------------------------------------------------------------------+

+--------------------- {B37||B37-9-10|B37-630} ---------------------+
| {B37||B37-9-10|B37-630}                                             |
+---------------------------------------------------------------------+

+--------------------- {A214||A214-9-0|A214-452} ---------------------+
| {A214||A214-9-0|A214-452}                                           |
+---------------------------------------------------------------------+

+--------------------- {A113||A113-9-0|A113-369} ---------------------+
| {A113||A113-9-0|A113-369}                                           |
+---------------------------------------------------------------------+

+--------------------- {A6||A6-9-0|A6-231} ---------------------+
| {A6||A6-9-0|A6-231}                                                 |
+---------------------------------------------------------------------+
0

+--------------------- {A14||A14-9-0|A14-268} ---------------------+
| {A14||A14-9-0|A14-268}                                              |
+---------------------------------------------------------------------+
1

+--------------------- {A216||A216-9-0|A216-458} ---------------------+
| {A216||A216-9-0|A216-458}                                           |
+---------------------------------------------------------------------+

+--------------------- {B44||B44-9-10|B44-653} ---------------------+
| {B44||B44-9-10|B44-653}                                             |
+---------------------------------------------------------------------+

+--------------------- {A5||A5-9-0|A5-227} ---------------------+
| {A5||A5-9-0|A5-227}                                                 |
+---------------------------------------------------------------------+
1

+--------------------- {A115||A115-9-0|A115-377} ---------------------+
| {A115||A115-9-0|A115-377}                                           |
+---------------------------------------------------------------------+

+--------------------- {A209||A209-9-0|A209-437} ---------------------+
| {A209||A209-9-0|A209-437}                                           |
+---------------------------------------------------------------------+

+--------------------- {B40||B40-9-10|B40-639} ---------------------+
| {B40||B40-9-10|B40-639}                                             |
+---------------------------------------------------------------------+

+--------------------- {A6||A6-9-0|A6-231} ---------------------+
| {A6||A6-9-0|A6-231}                                                 |
+---------------------------------------------------------------------+
1

+--------------------- {A8||A8-9-0|A8-240} ---------------------+
| {A8||A8-9-0|A8-240}                                                 |
+---------------------------------------------------------------------+
2

+--------------------- {A122||A122-9-0|A122-405} ---------------------+
| {A122||A122-9-0|A122-405}                                           |
+---------------------------------------------------------------------+

+--------------------- {A10||A10-9-0|A10-249} ---------------------+
| {A10||A10-9-0|A10-249}                                              |
+---------------------------------------------------------------------+
0

+--------------------- {A123||A123-9-0|A123-409} ---------------------+
| {A123||A123-9-0|A123-409}                                           |
+---------------------------------------------------------------------+

+--------------------- {A11||A11-9-0|A11-253} ---------------------+
| {A11||A11-9-0|A11-253}                                              |
+---------------------------------------------------------------------+
0

+--------------------- {A108||A108-9-0|A108-349} ---------------------+
| {A108||A108-9-0|A108-349}                                           |
+---------------------------------------------------------------------+

+--------------------- {A20||A20-9-0|A20-298} ---------------------+
| {A20||A20-9-0|A20-298}                                              |
+---------------------------------------------------------------------+
5

+--------------------- {B22||B22-9-10|B22-570} ---------------------+
| {B22||B22-9-10|B22-570}                                             |
+---------------------------------------------------------------------+

+--------------------- {A3||A3-9-0|A3-219} ---------------------+
| {A3||A3-9-0|A3-219}                                                 |
+---------------------------------------------------------------------+
1

+--------------------- {A110||A110-9-0|A110-357} ---------------------+
| {A110||A110-9-0|A110-357}                                           |
+---------------------------------------------------------------------+

+--------------------- {A209||A209-9-0|A209-437} ---------------------+
| {A209||A209-9-0|A209-437}                                           |
+---------------------------------------------------------------------+

+--------------------- {B40||B40-9-10|B40-639} ---------------------+
| {B40||B40-9-10|B40-639}                                             |
+---------------------------------------------------------------------+

+--------------------- {A20||A20-9-0|A20-298} ---------------------+
| {A20||A20-9-0|A20-298}                                              |
+---------------------------------------------------------------------+
2

+--------------------- {B19||B19-9-10|B19-558} ---------------------+
| {B19||B19-9-10|B19-558}                                             |
+---------------------------------------------------------------------+

+--------------------- {A21||A21-9-0|A21-308} ---------------------+
| {A21||A21-9-0|A21-308}                                              |
+---------------------------------------------------------------------+
7

+--------------------- {B32||B32-9-10|B32-610} ---------------------+
| {B32||B32-9-10|B32-610}                                             |
+---------------------------------------------------------------------+

+--------------------- {A220||A220-9-0|A220-470} ---------------------+
| {A220||A220-9-0|A220-470}                                           |
+---------------------------------------------------------------------+

+--------------------- {B47||B47-9-10|B47-663} ---------------------+
| {B47||B47-9-10|B47-663}                                             |
+---------------------------------------------------------------------+

+--------------------- {A204||A204-9-0|A204-422} ---------------------+
| {A204||A204-9-0|A204-422}                                           |
+---------------------------------------------------------------------+

+--------------------- {B37||B37-9-10|B37-630} ---------------------+
| {B37||B37-9-10|B37-630}                                             |
+---------------------------------------------------------------------+

+--------------------- {A205||A205-9-0|A205-425} ---------------------+
| {A205||A205-9-0|A205-425}                                           |
+---------------------------------------------------------------------+

+--------------------- {A103||A103-9-0|A103-329} ---------------------+
| {A103||A103-9-0|A103-329}                                           |
+---------------------------------------------------------------------+

+--------------------- {A13||A13-9-0|A13-264} ---------------------+
| {A13||A13-9-0|A13-264}                                              |
+---------------------------------------------------------------------+
1

+--------------------- {B4||B4-9-10|B4-503} ---------------------+
| {B4||B4-9-10|B4-503}                                                |
+---------------------------------------------------------------------+

+--------------------- {A1||A1-9-0|A1-209} ---------------------+
| {A1||A1-9-0|A1-209}                                                 |
+---------------------------------------------------------------------+
1

+--------------------- {A105||A105-9-0|A105-337} ---------------------+
| {A105||A105-9-0|A105-337}                                           |
+---------------------------------------------------------------------+

+--------------------- {A206||A206-9-0|A206-428} ---------------------+
| {A206||A206-9-0|A206-428}                                           |
+---------------------------------------------------------------------+

+--------------------- {B38||B38-9-10|B38-633} ---------------------+
| {B38||B38-9-10|B38-633}                                             |
+---------------------------------------------------------------------+

+--------------------- {A17||A17-9-0|A17-285} ---------------------+
| {A17||A17-9-0|A17-285}                                              |
+---------------------------------------------------------------------+
0

+--------------------- {B10||B10-9-10|B10-524} ---------------------+
| {B10||B10-9-10|B10-524}                                             |
+---------------------------------------------------------------------+
::::::::::::::::::::::::::::::::            WHEN HE IS PROUD. OF BLACK WHISTLE S , STEAM , SMALL AND BIG AND OILE
::::::::::::::::::::::::::::::::           D WHEEL S , HE IS HEATED                                              

+--------------------- {A0||A0-9-0|A0-205 [DATA;]} ---------------------+
| {A0||A0-9-0|A0-205 [DATA;]}                                         |
+---------------------------------------------------------------------+
0

+--------------------- {A101||A101-9-0|A101-321} ---------------------+
| {A101||A101-9-0|A101-321}                                           |
+---------------------------------------------------------------------+

+--------------------- {A201||A201-9-0|A201-413} ---------------------+
| {A201||A201-9-0|A201-413}                                           |
+---------------------------------------------------------------------+

+--------------------- {A102||A102-9-0|A102-325} ---------------------+
| {A102||A102-9-0|A102-325}                                           |
+---------------------------------------------------------------------+

+--------------------- {A202||A202-9-0|A202-416} ---------------------+
| {A202||A202-9-0|A202-416}                                           |
+---------------------------------------------------------------------+

+--------------------- {A301||A301-9-0|A301-476} ---------------------+
| {A301||A301-9-0|A301-476}                                           |
+---------------------------------------------------------------------+

+--------------------- {A203||A203-9-0|A203-419} ---------------------+
| {A203||A203-9-0|A203-419}                                           |
+---------------------------------------------------------------------+

+--------------------- {B36||B36-9-10|B36-627} ---------------------+
| {B36||B36-9-10|B36-627}                                             |
+---------------------------------------------------------------------+

+--------------------- {A205||A205-9-0|A205-425} ---------------------+
| {A205||A205-9-0|A205-425}                                           |
+---------------------------------------------------------------------+

+--------------------- {A103||A103-9-0|A103-329} ---------------------+
| {A103||A103-9-0|A103-329}                                           |
+---------------------------------------------------------------------+

+--------------------- {A13||A13-9-0|A13-264} ---------------------+
| {A13||A13-9-0|A13-264}                                              |
+---------------------------------------------------------------------+
1

+--------------------- {B4||B4-9-10|B4-503} ---------------------+
| {B4||B4-9-10|B4-503}                                                |
+---------------------------------------------------------------------+

+--------------------- {A1||A1-9-0|A1-209} ---------------------+
| {A1||A1-9-0|A1-209}                                                 |
+---------------------------------------------------------------------+
2

+--------------------- {A106||A106-9-0|A106-341} ---------------------+
| {A106||A106-9-0|A106-341}                                           |
+---------------------------------------------------------------------+

+--------------------- {A12||A12-9-0|A12-257} ---------------------+
| {A12||A12-9-0|A12-257}                                              |
+---------------------------------------------------------------------+
3

+--------------------- {B2||B2-9-10|B2-496} ---------------------+
| {B2||B2-9-10|B2-496}                                                |
+---------------------------------------------------------------------+

+--------------------- {A4||A4-9-0|A4-223} ---------------------+
| {A4||A4-9-0|A4-223}                                                 |
+---------------------------------------------------------------------+
1

+--------------------- {A6||A6-9-0|A6-231} ---------------------+
| {A6||A6-9-0|A6-231}                                                 |
+---------------------------------------------------------------------+
1

+--------------------- {A8||A8-9-0|A8-240} ---------------------+
| {A8||A8-9-0|A8-240}                                                 |
+---------------------------------------------------------------------+
2

+--------------------- {A122||A122-9-0|A122-405} ---------------------+
| {A122||A122-9-0|A122-405}                                           |
+---------------------------------------------------------------------+

+--------------------- {A10||A10-9-0|A10-249} ---------------------+
| {A10||A10-9-0|A10-249}                                              |
+---------------------------------------------------------------------+
1

+--------------------- {A21||A21-9-0|A21-308} ---------------------+
| {A21||A21-9-0|A21-308}                                              |
+---------------------------------------------------------------------+
10

+--------------------- {B35||B35-9-10|B35-623} ---------------------+
| {B35||B35-9-10|B35-623}                                             |
+---------------------------------------------------------------------+

+--------------------- {A220||A220-9-0|A220-470} ---------------------+
| {A220||A220-9-0|A220-470}                                           |
+---------------------------------------------------------------------+

+--------------------- {B47||B47-9-10|B47-663} ---------------------+
| {B47||B47-9-10|B47-663}                                             |
+---------------------------------------------------------------------+

+--------------------- {A204||A204-9-0|A204-422} ---------------------+
| {A204||A204-9-0|A204-422}                                           |
+---------------------------------------------------------------------+

+--------------------- {B37||B37-9-10|B37-630} ---------------------+
| {B37||B37-9-10|B37-630}                                             |
+---------------------------------------------------------------------+

+--------------------- {A205||A205-9-0|A205-425} ---------------------+
| {A205||A205-9-0|A205-425}                                           |
+---------------------------------------------------------------------+

+--------------------- {A103||A103-9-0|A103-329} ---------------------+
| {A103||A103-9-0|A103-329}                                           |
+---------------------------------------------------------------------+

+--------------------- {A13||A13-9-0|A13-264} ---------------------+
| {A13||A13-9-0|A13-264}                                              |
+---------------------------------------------------------------------+
0

+--------------------- {A14||A14-9-0|A14-268} ---------------------+
| {A14||A14-9-0|A14-268}                                              |
+---------------------------------------------------------------------+
3

+--------------------- {A117||A117-9-0|A117-385} ---------------------+
| {A117||A117-9-0|A117-385}                                           |
+---------------------------------------------------------------------+

+--------------------- {A7||A7-9-0|A7-235} ---------------------+
| {A7||A7-9-0|A7-235}                                                 |
+---------------------------------------------------------------------+
2

+--------------------- {A304||A304-9-0|A304-488} ---------------------+
| {A304||A304-9-0|A304-488}                                           |
+---------------------------------------------------------------------+

+--------------------- {A217||A217-9-0|A217-461} ---------------------+
| {A217||A217-9-0|A217-461}                                           |
+---------------------------------------------------------------------+

+--------------------- {B45||B45-9-10|B45-657} ---------------------+
| {B45||B45-9-10|B45-657}                                             |
+---------------------------------------------------------------------+

+--------------------- {A18||A18-9-0|A18-290} ---------------------+
| {A18||A18-9-0|A18-290}                                              |
+---------------------------------------------------------------------+
0

+--------------------- {B13||B13-9-10|B13-536} ---------------------+
| {B13||B13-9-10|B13-536}                                             |
+---------------------------------------------------------------------+

+--------------------- {A208||A208-9-0|A208-434} ---------------------+
| {A208||A208-9-0|A208-434}                                           |
+---------------------------------------------------------------------+

+--------------------- {A107||A107-9-0|A107-345} ---------------------+
| {A107||A107-9-0|A107-345}                                           |
+---------------------------------------------------------------------+

+--------------------- {A15||A15-9-0|A15-277} ---------------------+
| {A15||A15-9-0|A15-277}                                              |
+---------------------------------------------------------------------+
1

+--------------------- {B7||B7-9-10|B7-512} ---------------------+
| {B7||B7-9-10|B7-512}                                                |
+---------------------------------------------------------------------+

+--------------------- {A4||A4-9-0|A4-223} ---------------------+
| {A4||A4-9-0|A4-223}                                                 |
+---------------------------------------------------------------------+
0

+--------------------- {A113||A113-9-0|A113-369} ---------------------+
| {A113||A113-9-0|A113-369}                                           |
+---------------------------------------------------------------------+

+--------------------- {A6||A6-9-0|A6-231} ---------------------+
| {A6||A6-9-0|A6-231}                                                 |
+---------------------------------------------------------------------+
0

+--------------------- {A14||A14-9-0|A14-268} ---------------------+
| {A14||A14-9-0|A14-268}                                              |
+---------------------------------------------------------------------+
2

+--------------------- {A18||A18-9-0|A18-290} ---------------------+
| {A18||A18-9-0|A18-290}                                              |
+---------------------------------------------------------------------+
0

+--------------------- {B13||B13-9-10|B13-536} ---------------------+
| {B13||B13-9-10|B13-536}                                             |
+---------------------------------------------------------------------+

+--------------------- {A5||A5-9-0|A5-227} ---------------------+
| {A5||A5-9-0|A5-227}                                                 |
+---------------------------------------------------------------------+
0

+--------------------- {A114||A114-9-0|A114-373} ---------------------+
| {A114||A114-9-0|A114-373}                                           |
+---------------------------------------------------------------------+

+--------------------- {A204||A204-9-0|A204-422} ---------------------+
| {A204||A204-9-0|A204-422}                                           |
+---------------------------------------------------------------------+

+--------------------- {B37||B37-9-10|B37-630} ---------------------+
| {B37||B37-9-10|B37-630}                                             |
+---------------------------------------------------------------------+

+--------------------- {A214||A214-9-0|A214-452} ---------------------+
| {A214||A214-9-0|A214-452}                                           |
+---------------------------------------------------------------------+

+--------------------- {A113||A113-9-0|A113-369} ---------------------+
| {A113||A113-9-0|A113-369}                                           |
+---------------------------------------------------------------------+

+--------------------- {A6||A6-9-0|A6-231} ---------------------+
| {A6||A6-9-0|A6-231}                                                 |
+---------------------------------------------------------------------+
0

+--------------------- {A14||A14-9-0|A14-268} ---------------------+
| {A14||A14-9-0|A14-268}                                              |
+---------------------------------------------------------------------+
1

+--------------------- {A216||A216-9-0|A216-458} ---------------------+
| {A216||A216-9-0|A216-458}                                           |
+---------------------------------------------------------------------+

+--------------------- {B44||B44-9-10|B44-653} ---------------------+
| {B44||B44-9-10|B44-653}                                             |
+---------------------------------------------------------------------+

+--------------------- {A5||A5-9-0|A5-227} ---------------------+
| {A5||A5-9-0|A5-227}                                                 |
+---------------------------------------------------------------------+
0

+--------------------- {A114||A114-9-0|A114-373} ---------------------+
| {A114||A114-9-0|A114-373}                                           |
+---------------------------------------------------------------------+

+--------------------- {A204||A204-9-0|A204-422} ---------------------+
| {A204||A204-9-0|A204-422}                                           |
+---------------------------------------------------------------------+

+--------------------- {B37||B37-9-10|B37-630} ---------------------+
| {B37||B37-9-10|B37-630}                                             |
+---------------------------------------------------------------------+

+--------------------- {A214||A214-9-0|A214-452} ---------------------+
| {A214||A214-9-0|A214-452}                                           |
+---------------------------------------------------------------------+

+--------------------- {A113||A113-9-0|A113-369} ---------------------+
| {A113||A113-9-0|A113-369}                                           |
+---------------------------------------------------------------------+

+--------------------- {A6||A6-9-0|A6-231} ---------------------+
| {A6||A6-9-0|A6-231}                                                 |
+---------------------------------------------------------------------+
0

+--------------------- {A14||A14-9-0|A14-268} ---------------------+
| {A14||A14-9-0|A14-268}                                              |
+---------------------------------------------------------------------+
2

+--------------------- {A18||A18-9-0|A18-290} ---------------------+
| {A18||A18-9-0|A18-290}                                              |
+---------------------------------------------------------------------+
1

+--------------------- {B14||B14-9-10|B14-540} ---------------------+
| {B14||B14-9-10|B14-540}                                             |
+---------------------------------------------------------------------+

+--------------------- {A5||A5-9-0|A5-227} ---------------------+
| {A5||A5-9-0|A5-227}                                                 |
+---------------------------------------------------------------------+
1

+--------------------- {A115||A115-9-0|A115-377} ---------------------+
| {A115||A115-9-0|A115-377}                                           |
+---------------------------------------------------------------------+

+--------------------- {A209||A209-9-0|A209-437} ---------------------+
| {A209||A209-9-0|A209-437}                                           |
+---------------------------------------------------------------------+

+--------------------- {B40||B40-9-10|B40-639} ---------------------+
| {B40||B40-9-10|B40-639}                                             |
+---------------------------------------------------------------------+

+--------------------- {A6||A6-9-0|A6-231} ---------------------+
| {A6||A6-9-0|A6-231}                                                 |
+---------------------------------------------------------------------+
1

+--------------------- {A8||A8-9-0|A8-240} ---------------------+
| {A8||A8-9-0|A8-240}                                                 |
+---------------------------------------------------------------------+
2

+--------------------- {A122||A122-9-0|A122-405} ---------------------+
| {A122||A122-9-0|A122-405}                                           |
+---------------------------------------------------------------------+

+--------------------- {A10||A10-9-0|A10-249} ---------------------+
| {A10||A10-9-0|A10-249}                                              |
+---------------------------------------------------------------------+
0

+--------------------- {A123||A123-9-0|A123-409} ---------------------+
| {A123||A123-9-0|A123-409}                                           |
+---------------------------------------------------------------------+

+--------------------- {A11||A11-9-0|A11-253} ---------------------+
| {A11||A11-9-0|A11-253}                                              |
+---------------------------------------------------------------------+
1

+--------------------- {A20||A20-9-0|A20-298} ---------------------+
| {A20||A20-9-0|A20-298}                                              |
+---------------------------------------------------------------------+
3

+--------------------- {B20||B20-9-10|B20-562} ---------------------+
| {B20||B20-9-10|B20-562}                                             |
+---------------------------------------------------------------------+

+--------------------- {A21||A21-9-0|A21-308} ---------------------+
| {A21||A21-9-0|A21-308}                                              |
+---------------------------------------------------------------------+
5

+--------------------- {B30||B30-9-10|B30-601} ---------------------+
| {B30||B30-9-10|B30-601}                                             |
+---------------------------------------------------------------------+

+--------------------- {A220||A220-9-0|A220-470} ---------------------+
| {A220||A220-9-0|A220-470}                                           |
+---------------------------------------------------------------------+

+--------------------- {B47||B47-9-10|B47-663} ---------------------+
| {B47||B47-9-10|B47-663}                                             |
+---------------------------------------------------------------------+

+--------------------- {A1||A1-9-0|A1-209} ---------------------+
| {A1||A1-9-0|A1-209}                                                 |
+---------------------------------------------------------------------+
2

+--------------------- {A106||A106-9-0|A106-341} ---------------------+
| {A106||A106-9-0|A106-341}                                           |
+---------------------------------------------------------------------+

+--------------------- {A12||A12-9-0|A12-257} ---------------------+
| {A12||A12-9-0|A12-257}                                              |
+---------------------------------------------------------------------+
1

+--------------------- {A303||A303-9-0|A303-484} ---------------------+
| {A303||A303-9-0|A303-484}                                           |
+---------------------------------------------------------------------+

+--------------------- {A16||A16-9-0|A16-281} ---------------------+
| {A16||A16-9-0|A16-281}                                              |
+---------------------------------------------------------------------+
1

+--------------------- {B9||B9-9-10|B9-520} ---------------------+
| {B9||B9-9-10|B9-520}                                                |
+---------------------------------------------------------------------+

+--------------------- {A4||A4-9-0|A4-223} ---------------------+
| {A4||A4-9-0|A4-223}                                                 |
+---------------------------------------------------------------------+
1

+--------------------- {A6||A6-9-0|A6-231} ---------------------+
| {A6||A6-9-0|A6-231}                                                 |
+---------------------------------------------------------------------+
1

+--------------------- {A8||A8-9-0|A8-240} ---------------------+
| {A8||A8-9-0|A8-240}                                                 |
+---------------------------------------------------------------------+
2

+--------------------- {A122||A122-9-0|A122-405} ---------------------+
| {A122||A122-9-0|A122-405}                                           |
+---------------------------------------------------------------------+

+--------------------- {A10||A10-9-0|A10-249} ---------------------+
| {A10||A10-9-0|A10-249}                                              |
+---------------------------------------------------------------------+
0

+--------------------- {A123||A123-9-0|A123-409} ---------------------+
| {A123||A123-9-0|A123-409}                                           |
+---------------------------------------------------------------------+

+--------------------- {A11||A11-9-0|A11-253} ---------------------+
| {A11||A11-9-0|A11-253}                                              |
+---------------------------------------------------------------------+
0

+--------------------- {A108||A108-9-0|A108-349} ---------------------+
| {A108||A108-9-0|A108-349}                                           |
+---------------------------------------------------------------------+

+--------------------- {A20||A20-9-0|A20-298} ---------------------+
| {A20||A20-9-0|A20-298}                                              |
+---------------------------------------------------------------------+
1

+--------------------- {B18||B18-9-10|B18-554} ---------------------+
| {B18||B18-9-10|B18-554}                                             |
+---------------------------------------------------------------------+

+--------------------- {A3||A3-9-0|A3-219} ---------------------+
| {A3||A3-9-0|A3-219}                                                 |
+---------------------------------------------------------------------+
0

+--------------------- {A109||A109-9-0|A109-353} ---------------------+
| {A109||A109-9-0|A109-353}                                           |
+---------------------------------------------------------------------+

+--------------------- {A204||A204-9-0|A204-422} ---------------------+
| {A204||A204-9-0|A204-422}                                           |
+---------------------------------------------------------------------+

+--------------------- {B37||B37-9-10|B37-630} ---------------------+
| {B37||B37-9-10|B37-630}                                             |
+---------------------------------------------------------------------+

+--------------------- {A210||A210-9-0|A210-440} ---------------------+
| {A210||A210-9-0|A210-440}                                           |
+---------------------------------------------------------------------+

+--------------------- {A108||A108-9-0|A108-349} ---------------------+
| {A108||A108-9-0|A108-349}                                           |
+---------------------------------------------------------------------+

+--------------------- {A20||A20-9-0|A20-298} ---------------------+
| {A20||A20-9-0|A20-298}                                              |
+---------------------------------------------------------------------+
5

+--------------------- {B22||B22-9-10|B22-570} ---------------------+
| {B22||B22-9-10|B22-570}                                             |
+---------------------------------------------------------------------+

+--------------------- {A3||A3-9-0|A3-219} ---------------------+
| {A3||A3-9-0|A3-219}                                                 |
+---------------------------------------------------------------------+
1

+--------------------- {A110||A110-9-0|A110-357} ---------------------+
| {A110||A110-9-0|A110-357}                                           |
+---------------------------------------------------------------------+

+--------------------- {A209||A209-9-0|A209-437} ---------------------+
| {A209||A209-9-0|A209-437}                                           |
+---------------------------------------------------------------------+

+--------------------- {B40||B40-9-10|B40-639} ---------------------+
| {B40||B40-9-10|B40-639}                                             |
+---------------------------------------------------------------------+

+--------------------- {A20||A20-9-0|A20-298} ---------------------+
| {A20||A20-9-0|A20-298}                                              |
+---------------------------------------------------------------------+
4

+--------------------- {B21||B21-9-10|B21-566} ---------------------+
| {B21||B21-9-10|B21-566}                                             |
+---------------------------------------------------------------------+

+--------------------- {A21||A21-9-0|A21-308} ---------------------+
| {A21||A21-9-0|A21-308}                                              |
+---------------------------------------------------------------------+
8

+--------------------- {B33||B33-9-10|B33-614} ---------------------+
| {B33||B33-9-10|B33-614}                                             |
+---------------------------------------------------------------------+

+--------------------- {A220||A220-9-0|A220-470} ---------------------+
| {A220||A220-9-0|A220-470}                                           |
+---------------------------------------------------------------------+

+--------------------- {B47||B47-9-10|B47-663} ---------------------+
| {B47||B47-9-10|B47-663}                                             |
+---------------------------------------------------------------------+

+--------------------- {A2||A2-9-0|A2-214} ---------------------+
| {A2||A2-9-0|A2-214}                                                 |
+---------------------------------------------------------------------+
0

+--------------------- {A108||A108-9-0|A108-349} ---------------------+
| {A108||A108-9-0|A108-349}                                           |
+---------------------------------------------------------------------+

+--------------------- {A20||A20-9-0|A20-298} ---------------------+
| {A20||A20-9-0|A20-298}                                              |
+---------------------------------------------------------------------+
0

+--------------------- {B17||B17-9-10|B17-550} ---------------------+
| {B17||B17-9-10|B17-550}                                             |
+---------------------------------------------------------------------+

+--------------------- {A3||A3-9-0|A3-219} ---------------------+
| {A3||A3-9-0|A3-219}                                                 |
+---------------------------------------------------------------------+
1

+--------------------- {A110||A110-9-0|A110-357} ---------------------+
| {A110||A110-9-0|A110-357}                                           |
+---------------------------------------------------------------------+

+--------------------- {A209||A209-9-0|A209-437} ---------------------+
| {A209||A209-9-0|A209-437}                                           |
+---------------------------------------------------------------------+

+--------------------- {B40||B40-9-10|B40-639} ---------------------+
| {B40||B40-9-10|B40-639}                                             |
+---------------------------------------------------------------------+

+--------------------- {A20||A20-9-0|A20-298} ---------------------+
| {A20||A20-9-0|A20-298}                                              |
+---------------------------------------------------------------------+
0

+--------------------- {B17||B17-9-10|B17-550} ---------------------+
| {B17||B17-9-10|B17-550}                                             |
+---------------------------------------------------------------------+
::::::::::::::::::::::::::::::::            WHEN HE MAKES FIREBOX S , THE WATER UNDER WATER , SMALL , STEAM AND  
::::::::::::::::::::::::::::::::           POLISHED SANDDOME S MAKES SHINY , BIG AND HEATED SMOKESTACK S BLACK   
::::::::::::::::::::::::::::::::           AND BLACK                                                             

+--------------------- {A0||A0-9-0|A0-205 [DATA;]} ---------------------+
| {A0||A0-9-0|A0-205 [DATA;]}                                         |
+---------------------------------------------------------------------+
1

+--------------------- {A103||A103-9-0|A103-329} ---------------------+
| {A103||A103-9-0|A103-329}                                           |
+---------------------------------------------------------------------+

+--------------------- {A13||A13-9-0|A13-264} ---------------------+
| {A13||A13-9-0|A13-264}                                              |
+---------------------------------------------------------------------+
0

+--------------------- {A14||A14-9-0|A14-268} ---------------------+
| {A14||A14-9-0|A14-268}                                              |
+---------------------------------------------------------------------+
5

+--------------------- {A119||A119-9-0|A119-393} ---------------------+
| {A119||A119-9-0|A119-393}                                           |
+---------------------------------------------------------------------+

+--------------------- {A218||A218-9-0|A218-464} ---------------------+
| {A218||A218-9-0|A218-464}                                           |
+---------------------------------------------------------------------+

+--------------------- {B46||B46-9-10|B46-660} ---------------------+
| {B46||B46-9-10|B46-660}                                             |
+---------------------------------------------------------------------+

+--------------------- {A10||A10-9-0|A10-249} ---------------------+
| {A10||A10-9-0|A10-249}                                              |
+---------------------------------------------------------------------+
0

+--------------------- {A123||A123-9-0|A123-409} ---------------------+
| {A123||A123-9-0|A123-409}                                           |
+---------------------------------------------------------------------+

+--------------------- {A11||A11-9-0|A11-253} ---------------------+
| {A11||A11-9-0|A11-253}                                              |
+---------------------------------------------------------------------+
1

+--------------------- {A20||A20-9-0|A20-298} ---------------------+
| {A20||A20-9-0|A20-298}                                              |
+---------------------------------------------------------------------+
7

+--------------------- {B24||B24-9-10|B24-577} ---------------------+
| {B24||B24-9-10|B24-577}                                             |
+---------------------------------------------------------------------+

+--------------------- {A21||A21-9-0|A21-308} ---------------------+
| {A21||A21-9-0|A21-308}                                              |
+---------------------------------------------------------------------+
5

+--------------------- {B30||B30-9-10|B30-601} ---------------------+
| {B30||B30-9-10|B30-601}                                             |
+---------------------------------------------------------------------+

+--------------------- {A1||A1-9-0|A1-209} ---------------------+
| {A1||A1-9-0|A1-209}                                                 |
+---------------------------------------------------------------------+
1

+--------------------- {A105||A105-9-0|A105-337} ---------------------+
| {A105||A105-9-0|A105-337}                                           |
+---------------------------------------------------------------------+

+--------------------- {A206||A206-9-0|A206-428} ---------------------+
| {A206||A206-9-0|A206-428}                                           |
+---------------------------------------------------------------------+

+--------------------- {B38||B38-9-10|B38-633} ---------------------+
| {B38||B38-9-10|B38-633}                                             |
+---------------------------------------------------------------------+

+--------------------- {A17||A17-9-0|A17-285} ---------------------+
| {A17||A17-9-0|A17-285}                                              |
+---------------------------------------------------------------------+
0

+--------------------- {B10||B10-9-10|B10-524} ---------------------+
| {B10||B10-9-10|B10-524}                                             |
+---------------------------------------------------------------------+
::::::::::::::::::::::::::::::::            A PROUD SANDDOME IS HEATED                                           

+--------------------- {A0||A0-9-0|A0-205 [DATA;]} ---------------------+
| {A0||A0-9-0|A0-205 [DATA;]}                                         |
+---------------------------------------------------------------------+
0

+--------------------- {A101||A101-9-0|A101-321} ---------------------+
| {A101||A101-9-0|A101-321}                                           |
+---------------------------------------------------------------------+

+--------------------- {A201||A201-9-0|A201-413} ---------------------+
| {A201||A201-9-0|A201-413}                                           |
+---------------------------------------------------------------------+

+--------------------- {A102||A102-9-0|A102-325} ---------------------+
| {A102||A102-9-0|A102-325}                                           |
+---------------------------------------------------------------------+

+--------------------- {A202||A202-9-0|A202-416} ---------------------+
| {A202||A202-9-0|A202-416}                                           |
+---------------------------------------------------------------------+

+--------------------- {A301||A301-9-0|A301-476} ---------------------+
| {A301||A301-9-0|A301-476}                                           |
+---------------------------------------------------------------------+

+--------------------- {A203||A203-9-0|A203-419} ---------------------+
| {A203||A203-9-0|A203-419}                                           |
+---------------------------------------------------------------------+

+--------------------- {B36||B36-9-10|B36-627} ---------------------+
| {B36||B36-9-10|B36-627}                                             |
+---------------------------------------------------------------------+

+--------------------- {A205||A205-9-0|A205-425} ---------------------+
| {A205||A205-9-0|A205-425}                                           |
+---------------------------------------------------------------------+

+--------------------- {A103||A103-9-0|A103-329} ---------------------+
| {A103||A103-9-0|A103-329}                                           |
+---------------------------------------------------------------------+

+--------------------- {A13||A13-9-0|A13-264} ---------------------+
| {A13||A13-9-0|A13-264}                                              |
+---------------------------------------------------------------------+
1

+--------------------- {B4||B4-9-10|B4-503} ---------------------+
| {B4||B4-9-10|B4-503}                                                |
+---------------------------------------------------------------------+

+--------------------- {A1||A1-9-0|A1-209} ---------------------+
| {A1||A1-9-0|A1-209}                                                 |
+---------------------------------------------------------------------+
0

+--------------------- {A104||A104-9-0|A104-333} ---------------------+
| {A104||A104-9-0|A104-333}                                           |
+---------------------------------------------------------------------+

+--------------------- {A206||A206-9-0|A206-428} ---------------------+
| {A206||A206-9-0|A206-428}                                           |
+---------------------------------------------------------------------+

+--------------------- {B38||B38-9-10|B38-633} ---------------------+
| {B38||B38-9-10|B38-633}                                             |
+---------------------------------------------------------------------+

+--------------------- {A2||A2-9-0|A2-214} ---------------------+
| {A2||A2-9-0|A2-214}                                                 |
+---------------------------------------------------------------------+
0

+--------------------- {A108||A108-9-0|A108-349} ---------------------+
| {A108||A108-9-0|A108-349}                                           |
+---------------------------------------------------------------------+

+--------------------- {A20||A20-9-0|A20-298} ---------------------+
| {A20||A20-9-0|A20-298}                                              |
+---------------------------------------------------------------------+
4

+--------------------- {B21||B21-9-10|B21-566} ---------------------+
| {B21||B21-9-10|B21-566}                                             |
+---------------------------------------------------------------------+

+--------------------- {A3||A3-9-0|A3-219} ---------------------+
| {A3||A3-9-0|A3-219}                                                 |
+---------------------------------------------------------------------+
0

+--------------------- {A109||A109-9-0|A109-353} ---------------------+
| {A109||A109-9-0|A109-353}                                           |
+---------------------------------------------------------------------+

+--------------------- {A204||A204-9-0|A204-422} ---------------------+
| {A204||A204-9-0|A204-422}                                           |
+---------------------------------------------------------------------+

+--------------------- {B37||B37-9-10|B37-630} ---------------------+
| {B37||B37-9-10|B37-630}                                             |
+---------------------------------------------------------------------+

+--------------------- {A210||A210-9-0|A210-440} ---------------------+
| {A210||A210-9-0|A210-440}                                           |
+---------------------------------------------------------------------+

+--------------------- {A108||A108-9-0|A108-349} ---------------------+
| {A108||A108-9-0|A108-349}                                           |
+---------------------------------------------------------------------+

+--------------------- {A20||A20-9-0|A20-298} ---------------------+
| {A20||A20-9-0|A20-298}                                              |
+---------------------------------------------------------------------+
4

+--------------------- {B21||B21-9-10|B21-566} ---------------------+
| {B21||B21-9-10|B21-566}                                             |
+---------------------------------------------------------------------+

+--------------------- {A3||A3-9-0|A3-219} ---------------------+
| {A3||A3-9-0|A3-219}                                                 |
+---------------------------------------------------------------------+
0

+--------------------- {A109||A109-9-0|A109-353} ---------------------+
| {A109||A109-9-0|A109-353}                                           |
+---------------------------------------------------------------------+

+--------------------- {A204||A204-9-0|A204-422} ---------------------+
| {A204||A204-9-0|A204-422}                                           |
+---------------------------------------------------------------------+

+--------------------- {B37||B37-9-10|B37-630} ---------------------+
| {B37||B37-9-10|B37-630}                                             |
+---------------------------------------------------------------------+

+--------------------- {A210||A210-9-0|A210-440} ---------------------+
| {A210||A210-9-0|A210-440}                                           |
+---------------------------------------------------------------------+

+--------------------- {A108||A108-9-0|A108-349} ---------------------+
| {A108||A108-9-0|A108-349}                                           |
+---------------------------------------------------------------------+

+--------------------- {A20||A20-9-0|A20-298} ---------------------+
| {A20||A20-9-0|A20-298}                                              |
+---------------------------------------------------------------------+
3

+--------------------- {B20||B20-9-10|B20-562} ---------------------+
| {B20||B20-9-10|B20-562}                                             |
+---------------------------------------------------------------------+

+--------------------- {A3||A3-9-0|A3-219} ---------------------+
| {A3||A3-9-0|A3-219}                                                 |
+---------------------------------------------------------------------+
0

+--------------------- {A109||A109-9-0|A109-353} ---------------------+
| {A109||A109-9-0|A109-353}                                           |
+---------------------------------------------------------------------+

+--------------------- {A204||A204-9-0|A204-422} ---------------------+
| {A204||A204-9-0|A204-422}                                           |
+---------------------------------------------------------------------+

+--------------------- {B37||B37-9-10|B37-630} ---------------------+
| {B37||B37-9-10|B37-630}                                             |
+---------------------------------------------------------------------+

+--------------------- {A210||A210-9-0|A210-440} ---------------------+
| {A210||A210-9-0|A210-440}                                           |
+---------------------------------------------------------------------+

+--------------------- {A108||A108-9-0|A108-349} ---------------------+
| {A108||A108-9-0|A108-349}                                           |
+---------------------------------------------------------------------+

+--------------------- {A20||A20-9-0|A20-298} ---------------------+
| {A20||A20-9-0|A20-298}                                              |
+---------------------------------------------------------------------+
3

+--------------------- {B20||B20-9-10|B20-562} ---------------------+
| {B20||B20-9-10|B20-562}                                             |
+---------------------------------------------------------------------+

+--------------------- {A3||A3-9-0|A3-219} ---------------------+
| {A3||A3-9-0|A3-219}                                                 |
+---------------------------------------------------------------------+
0

+--------------------- {A109||A109-9-0|A109-353} ---------------------+
| {A109||A109-9-0|A109-353}                                           |
+---------------------------------------------------------------------+

+--------------------- {A204||A204-9-0|A204-422} ---------------------+
| {A204||A204-9-0|A204-422}                                           |
+---------------------------------------------------------------------+

+--------------------- {B37||B37-9-10|B37-630} ---------------------+
| {B37||B37-9-10|B37-630}                                             |
+---------------------------------------------------------------------+

+--------------------- {A210||A210-9-0|A210-440} ---------------------+
| {A210||A210-9-0|A210-440}                                           |
+---------------------------------------------------------------------+

+--------------------- {A108||A108-9-0|A108-349} ---------------------+
| {A108||A108-9-0|A108-349}                                           |
+---------------------------------------------------------------------+

+--------------------- {A20||A20-9-0|A20-298} ---------------------+
| {A20||A20-9-0|A20-298}                                              |
+---------------------------------------------------------------------+
2

+--------------------- {B19||B19-9-10|B19-558} ---------------------+
| {B19||B19-9-10|B19-558}                                             |
+---------------------------------------------------------------------+

+--------------------- {A3||A3-9-0|A3-219} ---------------------+
| {A3||A3-9-0|A3-219}                                                 |
+---------------------------------------------------------------------+
1

+--------------------- {A110||A110-9-0|A110-357} ---------------------+
| {A110||A110-9-0|A110-357}                                           |
+---------------------------------------------------------------------+

+--------------------- {A209||A209-9-0|A209-437} ---------------------+
| {A209||A209-9-0|A209-437}                                           |
+---------------------------------------------------------------------+

+--------------------- {B40||B40-9-10|B40-639} ---------------------+
| {B40||B40-9-10|B40-639}                                             |
+---------------------------------------------------------------------+

+--------------------- {A20||A20-9-0|A20-298} ---------------------+
| {A20||A20-9-0|A20-298}                                              |
+---------------------------------------------------------------------+
1

+--------------------- {B18||B18-9-10|B18-554} ---------------------+
| {B18||B18-9-10|B18-554}                                             |
+---------------------------------------------------------------------+

+--------------------- {A204||A204-9-0|A204-422} ---------------------+
| {A204||A204-9-0|A204-422}                                           |
+---------------------------------------------------------------------+

+--------------------- {B37||B37-9-10|B37-630} ---------------------+
| {B37||B37-9-10|B37-630}                                             |
+---------------------------------------------------------------------+

+--------------------- {A205||A205-9-0|A205-425} ---------------------+
| {A205||A205-9-0|A205-425}                                           |
+---------------------------------------------------------------------+

+--------------------- {A103||A103-9-0|A103-329} ---------------------+
| {A103||A103-9-0|A103-329}                                           |
+---------------------------------------------------------------------+

+--------------------- {A13||A13-9-0|A13-264} ---------------------+
| {A13||A13-9-0|A13-264}                                              |
+---------------------------------------------------------------------+
0

+--------------------- {A14||A14-9-0|A14-268} ---------------------+
| {A14||A14-9-0|A14-268}                                              |
+---------------------------------------------------------------------+
0

+--------------------- {A116||A116-9-0|A116-381} ---------------------+
| {A116||A116-9-0|A116-381}                                           |
+---------------------------------------------------------------------+

+--------------------- {A215||A215-9-0|A215-455} ---------------------+
| {A215||A215-9-0|A215-455}                                           |
+---------------------------------------------------------------------+

+--------------------- {B43||B43-9-10|B43-649} ---------------------+
| {B43||B43-9-10|B43-649}                                             |
+---------------------------------------------------------------------+

+--------------------- {A216||A216-9-0|A216-458} ---------------------+
| {A216||A216-9-0|A216-458}                                           |
+---------------------------------------------------------------------+

+--------------------- {B44||B44-9-10|B44-653} ---------------------+
| {B44||B44-9-10|B44-653}                                             |
+---------------------------------------------------------------------+

+--------------------- {A1||A1-9-0|A1-209} ---------------------+
| {A1||A1-9-0|A1-209}                                                 |
+---------------------------------------------------------------------+
1

+--------------------- {A105||A105-9-0|A105-337} ---------------------+
| {A105||A105-9-0|A105-337}                                           |
+---------------------------------------------------------------------+

+--------------------- {A206||A206-9-0|A206-428} ---------------------+
| {A206||A206-9-0|A206-428}                                           |
+---------------------------------------------------------------------+

+--------------------- {B38||B38-9-10|B38-633} ---------------------+
| {B38||B38-9-10|B38-633}                                             |
+---------------------------------------------------------------------+

+--------------------- {A17||A17-9-0|A17-285} ---------------------+
| {A17||A17-9-0|A17-285}                                              |
+---------------------------------------------------------------------+
1

+--------------------- {B11||B11-9-10|B11-528} ---------------------+
| {B11||B11-9-10|B11-528}                                             |
+---------------------------------------------------------------------+
::::::::::::::::::::::::::::::::            WHEN HE IS HEATED , HEATED , POLISHED , POLISHED , OILED AND SHINY , 
::::::::::::::::::::::::::::::::           ENGINEER SMALL IS OILED                                               

+--------------------- {A0||A0-9-0|A0-205 [DATA;]} ---------------------+
| {A0||A0-9-0|A0-205 [DATA;]}                                         |
+---------------------------------------------------------------------+
1

+--------------------- {A103||A103-9-0|A103-329} ---------------------+
| {A103||A103-9-0|A103-329}                                           |
+---------------------------------------------------------------------+

+--------------------- {A13||A13-9-0|A13-264} ---------------------+
| {A13||A13-9-0|A13-264}                                              |
+---------------------------------------------------------------------+
0

+--------------------- {A14||A14-9-0|A14-268} ---------------------+
| {A14||A14-9-0|A14-268}                                              |
+---------------------------------------------------------------------+
5

+--------------------- {A119||A119-9-0|A119-393} ---------------------+
| {A119||A119-9-0|A119-393}                                           |
+---------------------------------------------------------------------+

+--------------------- {A218||A218-9-0|A218-464} ---------------------+
| {A218||A218-9-0|A218-464}                                           |
+---------------------------------------------------------------------+

+--------------------- {B46||B46-9-10|B46-660} ---------------------+
| {B46||B46-9-10|B46-660}                                             |
+---------------------------------------------------------------------+

+--------------------- {A10||A10-9-0|A10-249} ---------------------+
| {A10||A10-9-0|A10-249}                                              |
+---------------------------------------------------------------------+
0

+--------------------- {A123||A123-9-0|A123-409} ---------------------+
| {A123||A123-9-0|A123-409}                                           |
+---------------------------------------------------------------------+

+--------------------- {A11||A11-9-0|A11-253} ---------------------+
| {A11||A11-9-0|A11-253}                                              |
+---------------------------------------------------------------------+
1

+--------------------- {A20||A20-9-0|A20-298} ---------------------+
| {A20||A20-9-0|A20-298}                                              |
+---------------------------------------------------------------------+
2

+--------------------- {B19||B19-9-10|B19-558} ---------------------+
| {B19||B19-9-10|B19-558}                                             |
+---------------------------------------------------------------------+

+--------------------- {A21||A21-9-0|A21-308} ---------------------+
| {A21||A21-9-0|A21-308}                                              |
+---------------------------------------------------------------------+
5

+--------------------- {B30||B30-9-10|B30-601} ---------------------+
| {B30||B30-9-10|B30-601}                                             |
+---------------------------------------------------------------------+

+--------------------- {A1||A1-9-0|A1-209} ---------------------+
| {A1||A1-9-0|A1-209}                                                 |
+---------------------------------------------------------------------+
1

+--------------------- {A105||A105-9-0|A105-337} ---------------------+
| {A105||A105-9-0|A105-337}                                           |
+---------------------------------------------------------------------+

+--------------------- {A206||A206-9-0|A206-428} ---------------------+
| {A206||A206-9-0|A206-428}                                           |
+---------------------------------------------------------------------+

+--------------------- {B38||B38-9-10|B38-633} ---------------------+
| {B38||B38-9-10|B38-633}                                             |
+---------------------------------------------------------------------+

+--------------------- {A17||A17-9-0|A17-285} ---------------------+
| {A17||A17-9-0|A17-285}                                              |
+---------------------------------------------------------------------+
2

+--------------------- {B12||B12-9-10|B12-532} ---------------------+
| {B12||B12-9-10|B12-532}                                             |
+---------------------------------------------------------------------+
::::::::::::::::::::::::::::::::            A OILED SANDDOME IS POLISHED                                         

+--------------------- {A0||A0-9-0|A0-205 [DATA;]} ---------------------+
| {A0||A0-9-0|A0-205 [DATA;]}                                         |
+---------------------------------------------------------------------+
0

+--------------------- {A101||A101-9-0|A101-321} ---------------------+
| {A101||A101-9-0|A101-321}                                           |
+---------------------------------------------------------------------+

+--------------------- {A201||A201-9-0|A201-413} ---------------------+
| {A201||A201-9-0|A201-413}                                           |
+---------------------------------------------------------------------+

+--------------------- {A102||A102-9-0|A102-325} ---------------------+
| {A102||A102-9-0|A102-325}                                           |
+---------------------------------------------------------------------+

+--------------------- {A202||A202-9-0|A202-416} ---------------------+
| {A202||A202-9-0|A202-416}                                           |
+---------------------------------------------------------------------+

+--------------------- {A301||A301-9-0|A301-476} ---------------------+
| {A301||A301-9-0|A301-476}                                           |
+---------------------------------------------------------------------+

+--------------------- {A203||A203-9-0|A203-419} ---------------------+
| {A203||A203-9-0|A203-419}                                           |
+---------------------------------------------------------------------+

+--------------------- {B36||B36-9-10|B36-627} ---------------------+
| {B36||B36-9-10|B36-627}                                             |
+---------------------------------------------------------------------+

+--------------------- {A205||A205-9-0|A205-425} ---------------------+
| {A205||A205-9-0|A205-425}                                           |
+---------------------------------------------------------------------+

+--------------------- {A103||A103-9-0|A103-329} ---------------------+
| {A103||A103-9-0|A103-329}                                           |
+---------------------------------------------------------------------+

+--------------------- {A13||A13-9-0|A13-264} ---------------------+
| {A13||A13-9-0|A13-264}                                              |
+---------------------------------------------------------------------+
0

+--------------------- {A14||A14-9-0|A14-268} ---------------------+
| {A14||A14-9-0|A14-268}                                              |
+---------------------------------------------------------------------+
0

+--------------------- {A116||A116-9-0|A116-381} ---------------------+
| {A116||A116-9-0|A116-381}                                           |
+---------------------------------------------------------------------+

+--------------------- {A215||A215-9-0|A215-455} ---------------------+
| {A215||A215-9-0|A215-455}                                           |
+---------------------------------------------------------------------+

+--------------------- {B43||B43-9-10|B43-649} ---------------------+
| {B43||B43-9-10|B43-649}                                             |
+---------------------------------------------------------------------+

+--------------------- {A216||A216-9-0|A216-458} ---------------------+
| {A216||A216-9-0|A216-458}                                           |
+---------------------------------------------------------------------+

+--------------------- {B44||B44-9-10|B44-653} ---------------------+
| {B44||B44-9-10|B44-653}                                             |
+---------------------------------------------------------------------+

+--------------------- {A1||A1-9-0|A1-209} ---------------------+
| {A1||A1-9-0|A1-209}                                                 |
+---------------------------------------------------------------------+
1

+--------------------- {A105||A105-9-0|A105-337} ---------------------+
| {A105||A105-9-0|A105-337}                                           |
+---------------------------------------------------------------------+

+--------------------- {A206||A206-9-0|A206-428} ---------------------+
| {A206||A206-9-0|A206-428}                                           |
+---------------------------------------------------------------------+

+--------------------- {B38||B38-9-10|B38-633} ---------------------+
| {B38||B38-9-10|B38-633}                                             |
+---------------------------------------------------------------------+

+--------------------- {A17||A17-9-0|A17-285} ---------------------+
| {A17||A17-9-0|A17-285}                                              |
+---------------------------------------------------------------------+
2

+--------------------- {B12||B12-9-10|B12-532} ---------------------+
| {B12||B12-9-10|B12-532}                                             |
+---------------------------------------------------------------------+

+--------------------- {A204||A204-9-0|A204-422} ---------------------+
| {A204||A204-9-0|A204-422}                                           |
+---------------------------------------------------------------------+

+--------------------- {B37||B37-9-10|B37-630} ---------------------+
| {B37||B37-9-10|B37-630}                                             |
+---------------------------------------------------------------------+

+--------------------- {A205||A205-9-0|A205-425} ---------------------+
| {A205||A205-9-0|A205-425}                                           |
+---------------------------------------------------------------------+

+--------------------- {A103||A103-9-0|A103-329} ---------------------+
| {A103||A103-9-0|A103-329}                                           |
+---------------------------------------------------------------------+

+--------------------- {A13||A13-9-0|A13-264} ---------------------+
| {A13||A13-9-0|A13-264}                                              |
+---------------------------------------------------------------------+
1

+--------------------- {B4||B4-9-10|B4-503} ---------------------+
| {B4||B4-9-10|B4-503}                                                |
+---------------------------------------------------------------------+

+--------------------- {A1||A1-9-0|A1-209} ---------------------+
| {A1||A1-9-0|A1-209}                                                 |
+---------------------------------------------------------------------+
1

+--------------------- {A105||A105-9-0|A105-337} ---------------------+
| {A105||A105-9-0|A105-337}                                           |
+---------------------------------------------------------------------+

+--------------------- {A206||A206-9-0|A206-428} ---------------------+
| {A206||A206-9-0|A206-428}                                           |
+---------------------------------------------------------------------+

+--------------------- {B38||B38-9-10|B38-633} ---------------------+
| {B38||B38-9-10|B38-633}                                             |
+---------------------------------------------------------------------+

+--------------------- {A17||A17-9-0|A17-285} ---------------------+
| {A17||A17-9-0|A17-285}                                              |
+---------------------------------------------------------------------+
1

+--------------------- {B11||B11-9-10|B11-528} ---------------------+
| {B11||B11-9-10|B11-528}                                             |
+---------------------------------------------------------------------+
::::::::::::::::::::::::::::::::            WHEN ENGINEER SMALL IS POLISHED , HE IS OILED                        

+--------------------- {A0||A0-9-0|A0-205 [DATA;]} ---------------------+
| {A0||A0-9-0|A0-205 [DATA;]}                                         |
+---------------------------------------------------------------------+
0

+--------------------- {A101||A101-9-0|A101-321} ---------------------+
| {A101||A101-9-0|A101-321}                                           |
+---------------------------------------------------------------------+

+--------------------- {A201||A201-9-0|A201-413} ---------------------+
| {A201||A201-9-0|A201-413}                                           |
+---------------------------------------------------------------------+

+--------------------- {A102||A102-9-0|A102-325} ---------------------+
| {A102||A102-9-0|A102-325}                                           |
+---------------------------------------------------------------------+

+--------------------- {A202||A202-9-0|A202-416} ---------------------+
| {A202||A202-9-0|A202-416}                                           |
+---------------------------------------------------------------------+

+--------------------- {A301||A301-9-0|A301-476} ---------------------+
| {A301||A301-9-0|A301-476}                                           |
+---------------------------------------------------------------------+

+--------------------- {A203||A203-9-0|A203-419} ---------------------+
| {A203||A203-9-0|A203-419}                                           |
+---------------------------------------------------------------------+

+--------------------- {B36||B36-9-10|B36-627} ---------------------+
| {B36||B36-9-10|B36-627}                                             |
+---------------------------------------------------------------------+

+--------------------- {A205||A205-9-0|A205-425} ---------------------+
| {A205||A205-9-0|A205-425}                                           |
+---------------------------------------------------------------------+

+--------------------- {A103||A103-9-0|A103-329} ---------------------+
| {A103||A103-9-0|A103-329}                                           |
+---------------------------------------------------------------------+

+--------------------- {A13||A13-9-0|A13-264} ---------------------+
| {A13||A13-9-0|A13-264}                                              |
+---------------------------------------------------------------------+
1

+--------------------- {B4||B4-9-10|B4-503} ---------------------+
| {B4||B4-9-10|B4-503}                                                |
+---------------------------------------------------------------------+

+--------------------- {A1||A1-9-0|A1-209} ---------------------+
| {A1||A1-9-0|A1-209}                                                 |
+---------------------------------------------------------------------+
0

+--------------------- {A104||A104-9-0|A104-333} ---------------------+
| {A104||A104-9-0|A104-333}                                           |
+---------------------------------------------------------------------+

+--------------------- {A206||A206-9-0|A206-428} ---------------------+
| {A206||A206-9-0|A206-428}                                           |
+---------------------------------------------------------------------+

+--------------------- {B38||B38-9-10|B38-633} ---------------------+
| {B38||B38-9-10|B38-633}                                             |
+---------------------------------------------------------------------+

+--------------------- {A2||A2-9-0|A2-214} ---------------------+
| {A2||A2-9-0|A2-214}                                                 |
+---------------------------------------------------------------------+
1

+--------------------- {A20||A20-9-0|A20-298} ---------------------+
| {A20||A20-9-0|A20-298}                                              |
+---------------------------------------------------------------------+
0

+--------------------- {B17||B17-9-10|B17-550} ---------------------+
| {B17||B17-9-10|B17-550}                                             |
+---------------------------------------------------------------------+

+--------------------- {A204||A204-9-0|A204-422} ---------------------+
| {A204||A204-9-0|A204-422}                                           |
+---------------------------------------------------------------------+

+--------------------- {B37||B37-9-10|B37-630} ---------------------+
| {B37||B37-9-10|B37-630}                                             |
+---------------------------------------------------------------------+

+--------------------- {A205||A205-9-0|A205-425} ---------------------+
| {A205||A205-9-0|A205-425}                                           |
+---------------------------------------------------------------------+

+--------------------- {A103||A103-9-0|A103-329} ---------------------+
| {A103||A103-9-0|A103-329}                                           |
+---------------------------------------------------------------------+

+--------------------- {A13||A13-9-0|A13-264} ---------------------+
| {A13||A13-9-0|A13-264}                                              |
+---------------------------------------------------------------------+
1

+--------------------- {B4||B4-9-10|B4-503} ---------------------+
| {B4||B4-9-10|B4-503}                                                |
+---------------------------------------------------------------------+

+--------------------- {A1||A1-9-0|A1-209} ---------------------+
| {A1||A1-9-0|A1-209}                                                 |
+---------------------------------------------------------------------+
0

+--------------------- {A104||A104-9-0|A104-333} ---------------------+
| {A104||A104-9-0|A104-333}                                           |
+---------------------------------------------------------------------+

+--------------------- {A206||A206-9-0|A206-428} ---------------------+
| {A206||A206-9-0|A206-428}                                           |
+---------------------------------------------------------------------+

+--------------------- {B38||B38-9-10|B38-633} ---------------------+
| {B38||B38-9-10|B38-633}                                             |
+---------------------------------------------------------------------+

+--------------------- {A2||A2-9-0|A2-214} ---------------------+
| {A2||A2-9-0|A2-214}                                                 |
+---------------------------------------------------------------------+
2

+--------------------- {A111||A111-9-0|A111-361} ---------------------+
| {A111||A111-9-0|A111-361}                                           |
+---------------------------------------------------------------------+

+--------------------- {A211||A211-9-0|A211-443} ---------------------+
| {A211||A211-9-0|A211-443}                                           |
+---------------------------------------------------------------------+

+--------------------- {B41||B41-9-10|B41-642 [STRAY PERIOD AS IN ORIGINAL;]} ---------------------+
| {B41||B41-9-10|B41-642 [STRAY PERIOD AS IN ORIGINAL;]}              |
+---------------------------------------------------------------------+

+--------------------- {A212||A212-9-0|A212-446} ---------------------+
| {A212||A212-9-0|A212-446}                                           |
+---------------------------------------------------------------------+

+--------------------- {A112||A112-9-0|A112-365} ---------------------+
| {A112||A112-9-0|A112-365}                                           |
+---------------------------------------------------------------------+

+--------------------- {A213||A213-9-0|A213-449} ---------------------+
| {A213||A213-9-0|A213-449}                                           |
+---------------------------------------------------------------------+

+--------------------- {B42||B42-9-10|B42-646} ---------------------+
| {B42||B42-9-10|B42-646}                                             |
+---------------------------------------------------------------------+

+--------------------- {A4||A4-9-0|A4-223} ---------------------+
| {A4||A4-9-0|A4-223}                                                 |
+---------------------------------------------------------------------+
0

+--------------------- {A113||A113-9-0|A113-369} ---------------------+
| {A113||A113-9-0|A113-369}                                           |
+---------------------------------------------------------------------+

+--------------------- {A6||A6-9-0|A6-231} ---------------------+
| {A6||A6-9-0|A6-231}                                                 |
+---------------------------------------------------------------------+
0

+--------------------- {A14||A14-9-0|A14-268} ---------------------+
| {A14||A14-9-0|A14-268}                                              |
+---------------------------------------------------------------------+
2

+--------------------- {A18||A18-9-0|A18-290} ---------------------+
| {A18||A18-9-0|A18-290}                                              |
+---------------------------------------------------------------------+
0

+--------------------- {B13||B13-9-10|B13-536} ---------------------+
| {B13||B13-9-10|B13-536}                                             |
+---------------------------------------------------------------------+

+--------------------- {A5||A5-9-0|A5-227} ---------------------+
| {A5||A5-9-0|A5-227}                                                 |
+---------------------------------------------------------------------+
0

+--------------------- {A114||A114-9-0|A114-373} ---------------------+
| {A114||A114-9-0|A114-373}                                           |
+---------------------------------------------------------------------+

+--------------------- {A204||A204-9-0|A204-422} ---------------------+
| {A204||A204-9-0|A204-422}                                           |
+---------------------------------------------------------------------+

+--------------------- {B37||B37-9-10|B37-630} ---------------------+
| {B37||B37-9-10|B37-630}                                             |
+---------------------------------------------------------------------+

+--------------------- {A214||A214-9-0|A214-452} ---------------------+
| {A214||A214-9-0|A214-452}                                           |
+---------------------------------------------------------------------+

+--------------------- {A113||A113-9-0|A113-369} ---------------------+
| {A113||A113-9-0|A113-369}                                           |
+---------------------------------------------------------------------+

+--------------------- {A6||A6-9-0|A6-231} ---------------------+
| {A6||A6-9-0|A6-231}                                                 |
+---------------------------------------------------------------------+
1

+--------------------- {A8||A8-9-0|A8-240} ---------------------+
| {A8||A8-9-0|A8-240}                                                 |
+---------------------------------------------------------------------+
1

+--------------------- {A121||A121-9-0|A121-401} ---------------------+
| {A121||A121-9-0|A121-401}                                           |
+---------------------------------------------------------------------+

+--------------------- {A221||A221-9-0|A221-473} ---------------------+
| {A221||A221-9-0|A221-473}                                           |
+---------------------------------------------------------------------+

+--------------------- {B48||B48-9-10|B48-666} ---------------------+
| {B48||B48-9-10|B48-666}                                             |
+---------------------------------------------------------------------+

+--------------------- {A219||A219-9-0|A219-467} ---------------------+
| {A219||A219-9-0|A219-467}                                           |
+---------------------------------------------------------------------+

+--------------------- {A122||A122-9-0|A122-405} ---------------------+
| {A122||A122-9-0|A122-405}                                           |
+---------------------------------------------------------------------+

+--------------------- {A10||A10-9-0|A10-249} ---------------------+
| {A10||A10-9-0|A10-249}                                              |
+---------------------------------------------------------------------+
1

+--------------------- {A21||A21-9-0|A21-308} ---------------------+
| {A21||A21-9-0|A21-308}                                              |
+---------------------------------------------------------------------+
8

+--------------------- {B33||B33-9-10|B33-614} ---------------------+
| {B33||B33-9-10|B33-614}                                             |
+---------------------------------------------------------------------+

+--------------------- {A220||A220-9-0|A220-470} ---------------------+
| {A220||A220-9-0|A220-470}                                           |
+---------------------------------------------------------------------+

+--------------------- {B47||B47-9-10|B47-663} ---------------------+
| {B47||B47-9-10|B47-663}                                             |
+---------------------------------------------------------------------+

+--------------------- {A5||A5-9-0|A5-227} ---------------------+
| {A5||A5-9-0|A5-227}                                                 |
+---------------------------------------------------------------------+
0

+--------------------- {A114||A114-9-0|A114-373} ---------------------+
| {A114||A114-9-0|A114-373}                                           |
+---------------------------------------------------------------------+

+--------------------- {A204||A204-9-0|A204-422} ---------------------+
| {A204||A204-9-0|A204-422}                                           |
+---------------------------------------------------------------------+

+--------------------- {B37||B37-9-10|B37-630} ---------------------+
| {B37||B37-9-10|B37-630}                                             |
+---------------------------------------------------------------------+

+--------------------- {A214||A214-9-0|A214-452} ---------------------+
| {A214||A214-9-0|A214-452}                                           |
+---------------------------------------------------------------------+

+--------------------- {A113||A113-9-0|A113-369} ---------------------+
| {A113||A113-9-0|A113-369}                                           |
+---------------------------------------------------------------------+

+--------------------- {A6||A6-9-0|A6-231} ---------------------+
| {A6||A6-9-0|A6-231}                                                 |
+---------------------------------------------------------------------+
0

+--------------------- {A14||A14-9-0|A14-268} ---------------------+
| {A14||A14-9-0|A14-268}                                              |
+---------------------------------------------------------------------+
3

+--------------------- {A117||A117-9-0|A117-385} ---------------------+
| {A117||A117-9-0|A117-385}                                           |
+---------------------------------------------------------------------+

+--------------------- {A7||A7-9-0|A7-235} ---------------------+
| {A7||A7-9-0|A7-235}                                                 |
+---------------------------------------------------------------------+
2

+--------------------- {A304||A304-9-0|A304-488} ---------------------+
| {A304||A304-9-0|A304-488}                                           |
+---------------------------------------------------------------------+

+--------------------- {A217||A217-9-0|A217-461} ---------------------+
| {A217||A217-9-0|A217-461}                                           |
+---------------------------------------------------------------------+

+--------------------- {B45||B45-9-10|B45-657} ---------------------+
| {B45||B45-9-10|B45-657}                                             |
+---------------------------------------------------------------------+

+--------------------- {A18||A18-9-0|A18-290} ---------------------+
| {A18||A18-9-0|A18-290}                                              |
+---------------------------------------------------------------------+
0

+--------------------- {B13||B13-9-10|B13-536} ---------------------+
| {B13||B13-9-10|B13-536}                                             |
+---------------------------------------------------------------------+

+--------------------- {A208||A208-9-0|A208-434} ---------------------+
| {A208||A208-9-0|A208-434}                                           |
+---------------------------------------------------------------------+

+--------------------- {A107||A107-9-0|A107-345} ---------------------+
| {A107||A107-9-0|A107-345}                                           |
+---------------------------------------------------------------------+

+--------------------- {A15||A15-9-0|A15-277} ---------------------+
| {A15||A15-9-0|A15-277}                                              |
+---------------------------------------------------------------------+
1

+--------------------- {B7||B7-9-10|B7-512} ---------------------+
| {B7||B7-9-10|B7-512}                                                |
+---------------------------------------------------------------------+

+--------------------- {A4||A4-9-0|A4-223} ---------------------+
| {A4||A4-9-0|A4-223}                                                 |
+---------------------------------------------------------------------+
1

+--------------------- {A6||A6-9-0|A6-231} ---------------------+
| {A6||A6-9-0|A6-231}                                                 |
+---------------------------------------------------------------------+
1

+--------------------- {A8||A8-9-0|A8-240} ---------------------+
| {A8||A8-9-0|A8-240}                                                 |
+---------------------------------------------------------------------+
0

+--------------------- {A120||A120-9-0|A120-397} ---------------------+
| {A120||A120-9-0|A120-397}                                           |
+---------------------------------------------------------------------+

+--------------------- {A7||A7-9-0|A7-235} ---------------------+
| {A7||A7-9-0|A7-235}                                                 |
+---------------------------------------------------------------------+
1

+--------------------- {A19||A19-9-0|A19-294} ---------------------+
| {A19||A19-9-0|A19-294}                                              |
+---------------------------------------------------------------------+
1

+--------------------- {B16||B16-9-10|B16-547} ---------------------+
| {B16||B16-9-10|B16-547}                                             |
+---------------------------------------------------------------------+

+--------------------- {A9||A9-9-0|A9-245} ---------------------+
| {A9||A9-9-0|A9-245}                                                 |
+---------------------------------------------------------------------+
0

+--------------------- {A121||A121-9-0|A121-401} ---------------------+
| {A121||A121-9-0|A121-401}                                           |
+---------------------------------------------------------------------+

+--------------------- {A221||A221-9-0|A221-473} ---------------------+
| {A221||A221-9-0|A221-473}                                           |
+---------------------------------------------------------------------+

+--------------------- {B48||B48-9-10|B48-666} ---------------------+
| {B48||B48-9-10|B48-666}                                             |
+---------------------------------------------------------------------+

+--------------------- {A219||A219-9-0|A219-467} ---------------------+
| {A219||A219-9-0|A219-467}                                           |
+---------------------------------------------------------------------+

+--------------------- {A122||A122-9-0|A122-405} ---------------------+
| {A122||A122-9-0|A122-405}                                           |
+---------------------------------------------------------------------+

+--------------------- {A10||A10-9-0|A10-249} ---------------------+
| {A10||A10-9-0|A10-249}                                              |
+---------------------------------------------------------------------+
0

+--------------------- {A123||A123-9-0|A123-409} ---------------------+
| {A123||A123-9-0|A123-409}                                           |
+---------------------------------------------------------------------+

+--------------------- {A11||A11-9-0|A11-253} ---------------------+
| {A11||A11-9-0|A11-253}                                              |
+---------------------------------------------------------------------+
0

+--------------------- {A108||A108-9-0|A108-349} ---------------------+
| {A108||A108-9-0|A108-349}                                           |
+---------------------------------------------------------------------+

+--------------------- {A20||A20-9-0|A20-298} ---------------------+
| {A20||A20-9-0|A20-298}                                              |
+---------------------------------------------------------------------+
0

+--------------------- {B17||B17-9-10|B17-550} ---------------------+
| {B17||B17-9-10|B17-550}                                             |
+---------------------------------------------------------------------+

+--------------------- {A3||A3-9-0|A3-219} ---------------------+
| {A3||A3-9-0|A3-219}                                                 |
+---------------------------------------------------------------------+
0

+--------------------- {A109||A109-9-0|A109-353} ---------------------+
| {A109||A109-9-0|A109-353}                                           |
+---------------------------------------------------------------------+

+--------------------- {A204||A204-9-0|A204-422} ---------------------+
| {A204||A204-9-0|A204-422}                                           |
+---------------------------------------------------------------------+

+--------------------- {B37||B37-9-10|B37-630} ---------------------+
| {B37||B37-9-10|B37-630}                                             |
+---------------------------------------------------------------------+

+--------------------- {A210||A210-9-0|A210-440} ---------------------+
| {A210||A210-9-0|A210-440}                                           |
+---------------------------------------------------------------------+

+--------------------- {A108||A108-9-0|A108-349} ---------------------+
| {A108||A108-9-0|A108-349}                                           |
+---------------------------------------------------------------------+

+--------------------- {A20||A20-9-0|A20-298} ---------------------+
| {A20||A20-9-0|A20-298}                                              |
+---------------------------------------------------------------------+
3

+--------------------- {B20||B20-9-10|B20-562} ---------------------+
| {B20||B20-9-10|B20-562}                                             |
+---------------------------------------------------------------------+

+--------------------- {A3||A3-9-0|A3-219} ---------------------+
| {A3||A3-9-0|A3-219}                                                 |
+---------------------------------------------------------------------+
1

+--------------------- {A110||A110-9-0|A110-357} ---------------------+
| {A110||A110-9-0|A110-357}                                           |
+---------------------------------------------------------------------+

+--------------------- {A209||A209-9-0|A209-437} ---------------------+
| {A209||A209-9-0|A209-437}                                           |
+---------------------------------------------------------------------+

+--------------------- {B40||B40-9-10|B40-639} ---------------------+
| {B40||B40-9-10|B40-639}                                             |
+---------------------------------------------------------------------+

+--------------------- {A20||A20-9-0|A20-298} ---------------------+
| {A20||A20-9-0|A20-298}                                              |
+---------------------------------------------------------------------+
7

+--------------------- {B24||B24-9-10|B24-577} ---------------------+
| {B24||B24-9-10|B24-577}                                             |
+---------------------------------------------------------------------+

+--------------------- {A21||A21-9-0|A21-308} ---------------------+
| {A21||A21-9-0|A21-308}                                              |
+---------------------------------------------------------------------+
4

+--------------------- {B29||B29-9-10|B29-597} ---------------------+
| {B29||B29-9-10|B29-597}                                             |
+---------------------------------------------------------------------+

+--------------------- {A220||A220-9-0|A220-470} ---------------------+
| {A220||A220-9-0|A220-470}                                           |
+---------------------------------------------------------------------+

+--------------------- {B47||B47-9-10|B47-663} ---------------------+
| {B47||B47-9-10|B47-663}                                             |
+---------------------------------------------------------------------+

+--------------------- {A5||A5-9-0|A5-227} ---------------------+
| {A5||A5-9-0|A5-227}                                                 |
+---------------------------------------------------------------------+
1

+--------------------- {A115||A115-9-0|A115-377} ---------------------+
| {A115||A115-9-0|A115-377}                                           |
+---------------------------------------------------------------------+

+--------------------- {A209||A209-9-0|A209-437} ---------------------+
| {A209||A209-9-0|A209-437}                                           |
+---------------------------------------------------------------------+

+--------------------- {B40||B40-9-10|B40-639} ---------------------+
| {B40||B40-9-10|B40-639}                                             |
+---------------------------------------------------------------------+

+--------------------- {A6||A6-9-0|A6-231} ---------------------+
| {A6||A6-9-0|A6-231}                                                 |
+---------------------------------------------------------------------+
0

+--------------------- {A14||A14-9-0|A14-268} ---------------------+
| {A14||A14-9-0|A14-268}                                              |
+---------------------------------------------------------------------+
0

+--------------------- {A116||A116-9-0|A116-381} ---------------------+
| {A116||A116-9-0|A116-381}                                           |
+---------------------------------------------------------------------+

+--------------------- {A215||A215-9-0|A215-455} ---------------------+
| {A215||A215-9-0|A215-455}                                           |
+---------------------------------------------------------------------+

+--------------------- {B43||B43-9-10|B43-649} ---------------------+
| {B43||B43-9-10|B43-649}                                             |
+---------------------------------------------------------------------+

+--------------------- {A216||A216-9-0|A216-458} ---------------------+
| {A216||A216-9-0|A216-458}                                           |
+---------------------------------------------------------------------+

+--------------------- {B44||B44-9-10|B44-653} ---------------------+
| {B44||B44-9-10|B44-653}                                             |
+---------------------------------------------------------------------+
::::::::::::::::::::::::::::::::            WHEN HE IS BLACK , HE IS PROUD. OF WATER , FOUR SMOKESTACK S , THE   
::::::::::::::::::::::::::::::::           WATER UNDER ITS FOUR BLACK , POLISHED AND PROUD WHISTLE S AND ENGINEER
::::::::::::::::::::::::::::::::           SMALL                                                                 

+--------------------- {A0||A0-9-0|A0-205 [DATA;]} ---------------------+
| {A0||A0-9-0|A0-205 [DATA;]}                                         |
+---------------------------------------------------------------------+
1

+--------------------- {A103||A103-9-0|A103-329} ---------------------+
| {A103||A103-9-0|A103-329}                                           |
+---------------------------------------------------------------------+

+--------------------- {A13||A13-9-0|A13-264} ---------------------+
| {A13||A13-9-0|A13-264}                                              |
+---------------------------------------------------------------------+
1

+--------------------- {B4||B4-9-10|B4-503} ---------------------+
| {B4||B4-9-10|B4-503}                                                |
+---------------------------------------------------------------------+

+--------------------- {A1||A1-9-0|A1-209} ---------------------+
| {A1||A1-9-0|A1-209}                                                 |
+---------------------------------------------------------------------+
0

+--------------------- {A104||A104-9-0|A104-333} ---------------------+
| {A104||A104-9-0|A104-333}                                           |
+---------------------------------------------------------------------+

+--------------------- {A206||A206-9-0|A206-428} ---------------------+
| {A206||A206-9-0|A206-428}                                           |
+---------------------------------------------------------------------+

+--------------------- {B38||B38-9-10|B38-633} ---------------------+
| {B38||B38-9-10|B38-633}                                             |
+---------------------------------------------------------------------+

+--------------------- {A2||A2-9-0|A2-214} ---------------------+
| {A2||A2-9-0|A2-214}                                                 |
+---------------------------------------------------------------------+
1

+--------------------- {A20||A20-9-0|A20-298} ---------------------+
| {A20||A20-9-0|A20-298}                                              |
+---------------------------------------------------------------------+
6

+--------------------- {B23||B23-9-10|B23-573} ---------------------+
| {B23||B23-9-10|B23-573}                                             |
+---------------------------------------------------------------------+
::::::::::::::::::::::::::::::::            HE IS LITTLE                                                         

+--------------------- {A0||A0-9-0|A0-205 [DATA;]} ---------------------+
| {A0||A0-9-0|A0-205 [DATA;]}                                         |
+---------------------------------------------------------------------+
1

+--------------------- {A103||A103-9-0|A103-329} ---------------------+
| {A103||A103-9-0|A103-329}                                           |
+---------------------------------------------------------------------+

+--------------------- {A13||A13-9-0|A13-264} ---------------------+
| {A13||A13-9-0|A13-264}                                              |
+---------------------------------------------------------------------+
1

+--------------------- {B4||B4-9-10|B4-503} ---------------------+
| {B4||B4-9-10|B4-503}                                                |
+---------------------------------------------------------------------+

+--------------------- {A1||A1-9-0|A1-209} ---------------------+
| {A1||A1-9-0|A1-209}                                                 |
+---------------------------------------------------------------------+
0

+--------------------- {A104||A104-9-0|A104-333} ---------------------+
| {A104||A104-9-0|A104-333}                                           |
+---------------------------------------------------------------------+

+--------------------- {A206||A206-9-0|A206-428} ---------------------+
| {A206||A206-9-0|A206-428}                                           |
+---------------------------------------------------------------------+

+--------------------- {B38||B38-9-10|B38-633} ---------------------+
| {B38||B38-9-10|B38-633}                                             |
+---------------------------------------------------------------------+

+--------------------- {A2||A2-9-0|A2-214} ---------------------+
| {A2||A2-9-0|A2-214}                                                 |
+---------------------------------------------------------------------+
1

+--------------------- {A20||A20-9-0|A20-298} ---------------------+
| {A20||A20-9-0|A20-298}                                              |
+---------------------------------------------------------------------+
6

+--------------------- {B23||B23-9-10|B23-573} ---------------------+
| {B23||B23-9-10|B23-573}                                             |
+---------------------------------------------------------------------+
::::::::::::::::::::::::::::::::            HE IS LITTLE                                                         

+--------------------- {A0||A0-9-0|A0-205 [DATA;]} ---------------------+
| {A0||A0-9-0|A0-205 [DATA;]}                                         |
+---------------------------------------------------------------------+
1

+--------------------- {A103||A103-9-0|A103-329} ---------------------+
| {A103||A103-9-0|A103-329}                                           |
+---------------------------------------------------------------------+

+--------------------- {A13||A13-9-0|A13-264} ---------------------+
| {A13||A13-9-0|A13-264}                                              |
+---------------------------------------------------------------------+
1

+--------------------- {B4||B4-9-10|B4-503} ---------------------+
| {B4||B4-9-10|B4-503}                                                |
+---------------------------------------------------------------------+

+--------------------- {A1||A1-9-0|A1-209} ---------------------+
| {A1||A1-9-0|A1-209}                                                 |
+---------------------------------------------------------------------+
2

+--------------------- {A106||A106-9-0|A106-341} ---------------------+
| {A106||A106-9-0|A106-341}                                           |
+---------------------------------------------------------------------+

+--------------------- {A12||A12-9-0|A12-257} ---------------------+
| {A12||A12-9-0|A12-257}                                              |
+---------------------------------------------------------------------+
2

+--------------------- {B1||B1-9-10|B1-492} ---------------------+
| {B1||B1-9-10|B1-492}                                                |
+---------------------------------------------------------------------+

+--------------------- {A4||A4-9-0|A4-223} ---------------------+
| {A4||A4-9-0|A4-223}                                                 |
+---------------------------------------------------------------------+
0

+--------------------- {A113||A113-9-0|A113-369} ---------------------+
| {A113||A113-9-0|A113-369}                                           |
+---------------------------------------------------------------------+

+--------------------- {A6||A6-9-0|A6-231} ---------------------+
| {A6||A6-9-0|A6-231}                                                 |
+---------------------------------------------------------------------+
1

+--------------------- {A8||A8-9-0|A8-240} ---------------------+
| {A8||A8-9-0|A8-240}                                                 |
+---------------------------------------------------------------------+
1

+--------------------- {A121||A121-9-0|A121-401} ---------------------+
| {A121||A121-9-0|A121-401}                                           |
+---------------------------------------------------------------------+

+--------------------- {A221||A221-9-0|A221-473} ---------------------+
| {A221||A221-9-0|A221-473}                                           |
+---------------------------------------------------------------------+

+--------------------- {B48||B48-9-10|B48-666} ---------------------+
| {B48||B48-9-10|B48-666}                                             |
+---------------------------------------------------------------------+

+--------------------- {A219||A219-9-0|A219-467} ---------------------+
| {A219||A219-9-0|A219-467}                                           |
+---------------------------------------------------------------------+

+--------------------- {A122||A122-9-0|A122-405} ---------------------+
| {A122||A122-9-0|A122-405}                                           |
+---------------------------------------------------------------------+

+--------------------- {A10||A10-9-0|A10-249} ---------------------+
| {A10||A10-9-0|A10-249}                                              |
+---------------------------------------------------------------------+
1

+--------------------- {A21||A21-9-0|A21-308} ---------------------+
| {A21||A21-9-0|A21-308}                                              |
+---------------------------------------------------------------------+
5

+--------------------- {B30||B30-9-10|B30-601} ---------------------+
| {B30||B30-9-10|B30-601}                                             |
+---------------------------------------------------------------------+

+--------------------- {A220||A220-9-0|A220-470} ---------------------+
| {A220||A220-9-0|A220-470}                                           |
+---------------------------------------------------------------------+

+--------------------- {B47||B47-9-10|B47-663} ---------------------+
| {B47||B47-9-10|B47-663}                                             |
+---------------------------------------------------------------------+

+--------------------- {A5||A5-9-0|A5-227} ---------------------+
| {A5||A5-9-0|A5-227}                                                 |
+---------------------------------------------------------------------+
0

+--------------------- {A114||A114-9-0|A114-373} ---------------------+
| {A114||A114-9-0|A114-373}                                           |
+---------------------------------------------------------------------+

+--------------------- {A204||A204-9-0|A204-422} ---------------------+
| {A204||A204-9-0|A204-422}                                           |
+---------------------------------------------------------------------+

+--------------------- {B37||B37-9-10|B37-630} ---------------------+
| {B37||B37-9-10|B37-630}                                             |
+---------------------------------------------------------------------+

+--------------------- {A214||A214-9-0|A214-452} ---------------------+
| {A214||A214-9-0|A214-452}                                           |
+---------------------------------------------------------------------+

+--------------------- {A113||A113-9-0|A113-369} ---------------------+
| {A113||A113-9-0|A113-369}                                           |
+---------------------------------------------------------------------+

+--------------------- {A6||A6-9-0|A6-231} ---------------------+
| {A6||A6-9-0|A6-231}                                                 |
+---------------------------------------------------------------------+
1

+--------------------- {A8||A8-9-0|A8-240} ---------------------+
| {A8||A8-9-0|A8-240}                                                 |
+---------------------------------------------------------------------+
1

+--------------------- {A121||A121-9-0|A121-401} ---------------------+
| {A121||A121-9-0|A121-401}                                           |
+---------------------------------------------------------------------+

+--------------------- {A221||A221-9-0|A221-473} ---------------------+
| {A221||A221-9-0|A221-473}                                           |
+---------------------------------------------------------------------+

+--------------------- {B48||B48-9-10|B48-666} ---------------------+
| {B48||B48-9-10|B48-666}                                             |
+---------------------------------------------------------------------+

+--------------------- {A219||A219-9-0|A219-467} ---------------------+
| {A219||A219-9-0|A219-467}                                           |
+---------------------------------------------------------------------+

+--------------------- {A122||A122-9-0|A122-405} ---------------------+
| {A122||A122-9-0|A122-405}                                           |
+---------------------------------------------------------------------+

+--------------------- {A10||A10-9-0|A10-249} ---------------------+
| {A10||A10-9-0|A10-249}                                              |
+---------------------------------------------------------------------+
0

+--------------------- {A123||A123-9-0|A123-409} ---------------------+
| {A123||A123-9-0|A123-409}                                           |
+---------------------------------------------------------------------+

+--------------------- {A11||A11-9-0|A11-253} ---------------------+
| {A11||A11-9-0|A11-253}                                              |
+---------------------------------------------------------------------+
1

+--------------------- {A20||A20-9-0|A20-298} ---------------------+
| {A20||A20-9-0|A20-298}                                              |
+---------------------------------------------------------------------+
3

+--------------------- {B20||B20-9-10|B20-562} ---------------------+
| {B20||B20-9-10|B20-562}                                             |
+---------------------------------------------------------------------+

+--------------------- {A21||A21-9-0|A21-308} ---------------------+
| {A21||A21-9-0|A21-308}                                              |
+---------------------------------------------------------------------+
5

+--------------------- {B30||B30-9-10|B30-601} ---------------------+
| {B30||B30-9-10|B30-601}                                             |
+---------------------------------------------------------------------+

+--------------------- {A220||A220-9-0|A220-470} ---------------------+
| {A220||A220-9-0|A220-470}                                           |
+---------------------------------------------------------------------+

+--------------------- {B47||B47-9-10|B47-663} ---------------------+
| {B47||B47-9-10|B47-663}                                             |
+---------------------------------------------------------------------+

+--------------------- {A5||A5-9-0|A5-227} ---------------------+
| {A5||A5-9-0|A5-227}                                                 |
+---------------------------------------------------------------------+
1

+--------------------- {A115||A115-9-0|A115-377} ---------------------+
| {A115||A115-9-0|A115-377}                                           |
+---------------------------------------------------------------------+

+--------------------- {A209||A209-9-0|A209-437} ---------------------+
| {A209||A209-9-0|A209-437}                                           |
+---------------------------------------------------------------------+

+--------------------- {B40||B40-9-10|B40-639} ---------------------+
| {B40||B40-9-10|B40-639}                                             |
+---------------------------------------------------------------------+

+--------------------- {A6||A6-9-0|A6-231} ---------------------+
| {A6||A6-9-0|A6-231}                                                 |
+---------------------------------------------------------------------+
0

+--------------------- {A14||A14-9-0|A14-268} ---------------------+
| {A14||A14-9-0|A14-268}                                              |
+---------------------------------------------------------------------+
3

+--------------------- {A117||A117-9-0|A117-385} ---------------------+
| {A117||A117-9-0|A117-385}                                           |
+---------------------------------------------------------------------+

+--------------------- {A7||A7-9-0|A7-235} ---------------------+
| {A7||A7-9-0|A7-235}                                                 |
+---------------------------------------------------------------------+
2

+--------------------- {A304||A304-9-0|A304-488} ---------------------+
| {A304||A304-9-0|A304-488}                                           |
+---------------------------------------------------------------------+

+--------------------- {A217||A217-9-0|A217-461} ---------------------+
| {A217||A217-9-0|A217-461}                                           |
+---------------------------------------------------------------------+

+--------------------- {B45||B45-9-10|B45-657} ---------------------+
| {B45||B45-9-10|B45-657}                                             |
+---------------------------------------------------------------------+

+--------------------- {A18||A18-9-0|A18-290} ---------------------+
| {A18||A18-9-0|A18-290}                                              |
+---------------------------------------------------------------------+
0

+--------------------- {B13||B13-9-10|B13-536} ---------------------+
| {B13||B13-9-10|B13-536}                                             |
+---------------------------------------------------------------------+

+--------------------- {A208||A208-9-0|A208-434} ---------------------+
| {A208||A208-9-0|A208-434}                                           |
+---------------------------------------------------------------------+

+--------------------- {A107||A107-9-0|A107-345} ---------------------+
| {A107||A107-9-0|A107-345}                                           |
+---------------------------------------------------------------------+

+--------------------- {A15||A15-9-0|A15-277} ---------------------+
| {A15||A15-9-0|A15-277}                                              |
+---------------------------------------------------------------------+
0

+--------------------- {B6||B6-9-10|B6-509} ---------------------+
| {B6||B6-9-10|B6-509}                                                |
+---------------------------------------------------------------------+

+--------------------- {A4||A4-9-0|A4-223} ---------------------+
| {A4||A4-9-0|A4-223}                                                 |
+---------------------------------------------------------------------+
0

+--------------------- {A113||A113-9-0|A113-369} ---------------------+
| {A113||A113-9-0|A113-369}                                           |
+---------------------------------------------------------------------+

+--------------------- {A6||A6-9-0|A6-231} ---------------------+
| {A6||A6-9-0|A6-231}                                                 |
+---------------------------------------------------------------------+
0

+--------------------- {A14||A14-9-0|A14-268} ---------------------+
| {A14||A14-9-0|A14-268}                                              |
+---------------------------------------------------------------------+
2

+--------------------- {A18||A18-9-0|A18-290} ---------------------+
| {A18||A18-9-0|A18-290}                                              |
+---------------------------------------------------------------------+
1

+--------------------- {B14||B14-9-10|B14-540} ---------------------+
| {B14||B14-9-10|B14-540}                                             |
+---------------------------------------------------------------------+

+--------------------- {A5||A5-9-0|A5-227} ---------------------+
| {A5||A5-9-0|A5-227}                                                 |
+---------------------------------------------------------------------+
0

+--------------------- {A114||A114-9-0|A114-373} ---------------------+
| {A114||A114-9-0|A114-373}                                           |
+---------------------------------------------------------------------+

+--------------------- {A204||A204-9-0|A204-422} ---------------------+
| {A204||A204-9-0|A204-422}                                           |
+---------------------------------------------------------------------+

+--------------------- {B37||B37-9-10|B37-630} ---------------------+
| {B37||B37-9-10|B37-630}                                             |
+---------------------------------------------------------------------+

+--------------------- {A214||A214-9-0|A214-452} ---------------------+
| {A214||A214-9-0|A214-452}                                           |
+---------------------------------------------------------------------+

+--------------------- {A113||A113-9-0|A113-369} ---------------------+
| {A113||A113-9-0|A113-369}                                           |
+---------------------------------------------------------------------+

+--------------------- {A6||A6-9-0|A6-231} ---------------------+
| {A6||A6-9-0|A6-231}                                                 |
+---------------------------------------------------------------------+
0

+--------------------- {A14||A14-9-0|A14-268} ---------------------+
| {A14||A14-9-0|A14-268}                                              |
+---------------------------------------------------------------------+
3

+--------------------- {A117||A117-9-0|A117-385} ---------------------+
| {A117||A117-9-0|A117-385}                                           |
+---------------------------------------------------------------------+

+--------------------- {A7||A7-9-0|A7-235} ---------------------+
| {A7||A7-9-0|A7-235}                                                 |
+---------------------------------------------------------------------+
0

+--------------------- {A217||A217-9-0|A217-461} ---------------------+
| {A217||A217-9-0|A217-461}                                           |
+---------------------------------------------------------------------+

+--------------------- {B45||B45-9-10|B45-657} ---------------------+
| {B45||B45-9-10|B45-657}                                             |
+---------------------------------------------------------------------+

+--------------------- {A18||A18-9-0|A18-290} ---------------------+
| {A18||A18-9-0|A18-290}                                              |
+---------------------------------------------------------------------+
1

+--------------------- {B14||B14-9-10|B14-540} ---------------------+
| {B14||B14-9-10|B14-540}                                             |
+---------------------------------------------------------------------+

+--------------------- {A5||A5-9-0|A5-227} ---------------------+
| {A5||A5-9-0|A5-227}                                                 |
+---------------------------------------------------------------------+
1

+--------------------- {A115||A115-9-0|A115-377} ---------------------+
| {A115||A115-9-0|A115-377}                                           |
+---------------------------------------------------------------------+

+--------------------- {A209||A209-9-0|A209-437} ---------------------+
| {A209||A209-9-0|A209-437}                                           |
+---------------------------------------------------------------------+

+--------------------- {B40||B40-9-10|B40-639} ---------------------+
| {B40||B40-9-10|B40-639}                                             |
+---------------------------------------------------------------------+

+--------------------- {A6||A6-9-0|A6-231} ---------------------+
| {A6||A6-9-0|A6-231}                                                 |
+---------------------------------------------------------------------+
1

+--------------------- {A8||A8-9-0|A8-240} ---------------------+
| {A8||A8-9-0|A8-240}                                                 |
+---------------------------------------------------------------------+
0

+--------------------- {A120||A120-9-0|A120-397} ---------------------+
| {A120||A120-9-0|A120-397}                                           |
+---------------------------------------------------------------------+

+--------------------- {A7||A7-9-0|A7-235} ---------------------+
| {A7||A7-9-0|A7-235}                                                 |
+---------------------------------------------------------------------+
0

+--------------------- {A217||A217-9-0|A217-461} ---------------------+
| {A217||A217-9-0|A217-461}                                           |
+---------------------------------------------------------------------+

+--------------------- {B45||B45-9-10|B45-657} ---------------------+
| {B45||B45-9-10|B45-657}                                             |
+---------------------------------------------------------------------+

+--------------------- {A9||A9-9-0|A9-245} ---------------------+
| {A9||A9-9-0|A9-245}                                                 |
+---------------------------------------------------------------------+
1

+--------------------- {A122||A122-9-0|A122-405} ---------------------+
| {A122||A122-9-0|A122-405}                                           |
+---------------------------------------------------------------------+

+--------------------- {A10||A10-9-0|A10-249} ---------------------+
| {A10||A10-9-0|A10-249}                                              |
+---------------------------------------------------------------------+
1

+--------------------- {A21||A21-9-0|A21-308} ---------------------+
| {A21||A21-9-0|A21-308}                                              |
+---------------------------------------------------------------------+
1

+--------------------- {B26||B26-9-10|B26-586} ---------------------+
| {B26||B26-9-10|B26-586}                                             |
+---------------------------------------------------------------------+

+--------------------- {A220||A220-9-0|A220-470} ---------------------+
| {A220||A220-9-0|A220-470}                                           |
+---------------------------------------------------------------------+

+--------------------- {B47||B47-9-10|B47-663} ---------------------+
| {B47||B47-9-10|B47-663}                                             |
+---------------------------------------------------------------------+
::::::::::::::::::::::::::::::::            HE KEEPS FOUR SANDDOME S , FOUR POLISHED SANDDOME S AND THE WATER IN 
::::::::::::::::::::::::::::::::           STEAM , THE STEAM AND THE TRAIN S                                     

+--------------------- {A0||A0-9-0|A0-205 [DATA;]} ---------------------+
| {A0||A0-9-0|A0-205 [DATA;]}                                         |
+---------------------------------------------------------------------+
0

+--------------------- {A101||A101-9-0|A101-321} ---------------------+
| {A101||A101-9-0|A101-321}                                           |
+---------------------------------------------------------------------+

+--------------------- {A201||A201-9-0|A201-413} ---------------------+
| {A201||A201-9-0|A201-413}                                           |
+---------------------------------------------------------------------+

+--------------------- {A102||A102-9-0|A102-325} ---------------------+
| {A102||A102-9-0|A102-325}                                           |
+---------------------------------------------------------------------+

+--------------------- {A202||A202-9-0|A202-416} ---------------------+
| {A202||A202-9-0|A202-416}                                           |
+---------------------------------------------------------------------+

+--------------------- {A301||A301-9-0|A301-476} ---------------------+
| {A301||A301-9-0|A301-476}                                           |
+---------------------------------------------------------------------+

+--------------------- {A203||A203-9-0|A203-419} ---------------------+
| {A203||A203-9-0|A203-419}                                           |
+---------------------------------------------------------------------+

+--------------------- {B36||B36-9-10|B36-627} ---------------------+
| {B36||B36-9-10|B36-627}                                             |
+---------------------------------------------------------------------+

+--------------------- {A205||A205-9-0|A205-425} ---------------------+
| {A205||A205-9-0|A205-425}                                           |
+---------------------------------------------------------------------+

+--------------------- {A103||A103-9-0|A103-329} ---------------------+
| {A103||A103-9-0|A103-329}                                           |
+---------------------------------------------------------------------+

+--------------------- {A13||A13-9-0|A13-264} ---------------------+
| {A13||A13-9-0|A13-264}                                              |
+---------------------------------------------------------------------+
0

+--------------------- {A14||A14-9-0|A14-268} ---------------------+
| {A14||A14-9-0|A14-268}                                              |
+---------------------------------------------------------------------+
4

+--------------------- {A118||A118-9-0|A118-389} ---------------------+
| {A118||A118-9-0|A118-389}                                           |
+---------------------------------------------------------------------+

+--------------------- {A7||A7-9-0|A7-235} ---------------------+
| {A7||A7-9-0|A7-235}                                                 |
+---------------------------------------------------------------------+
2

+--------------------- {A304||A304-9-0|A304-488} ---------------------+
| {A304||A304-9-0|A304-488}                                           |
+---------------------------------------------------------------------+

+--------------------- {A217||A217-9-0|A217-461} ---------------------+
| {A217||A217-9-0|A217-461}                                           |
+---------------------------------------------------------------------+

+--------------------- {B45||B45-9-10|B45-657} ---------------------+
| {B45||B45-9-10|B45-657}                                             |
+---------------------------------------------------------------------+

+--------------------- {A10||A10-9-0|A10-249} ---------------------+
| {A10||A10-9-0|A10-249}                                              |
+---------------------------------------------------------------------+
0

+--------------------- {A123||A123-9-0|A123-409} ---------------------+
| {A123||A123-9-0|A123-409}                                           |
+---------------------------------------------------------------------+

+--------------------- {A11||A11-9-0|A11-253} ---------------------+
| {A11||A11-9-0|A11-253}                                              |
+---------------------------------------------------------------------+
1

+--------------------- {A20||A20-9-0|A20-298} ---------------------+
| {A20||A20-9-0|A20-298}                                              |
+---------------------------------------------------------------------+
2

+--------------------- {B19||B19-9-10|B19-558} ---------------------+
| {B19||B19-9-10|B19-558}                                             |
+---------------------------------------------------------------------+

+--------------------- {A21||A21-9-0|A21-308} ---------------------+
| {A21||A21-9-0|A21-308}                                              |
+---------------------------------------------------------------------+
2

+--------------------- {B27||B27-9-10|B27-590} ---------------------+
| {B27||B27-9-10|B27-590}                                             |
+---------------------------------------------------------------------+

+--------------------- {A208||A208-9-0|A208-434} ---------------------+
| {A208||A208-9-0|A208-434}                                           |
+---------------------------------------------------------------------+

+--------------------- {A107||A107-9-0|A107-345} ---------------------+
| {A107||A107-9-0|A107-345}                                           |
+---------------------------------------------------------------------+

+--------------------- {A15||A15-9-0|A15-277} ---------------------+
| {A15||A15-9-0|A15-277}                                              |
+---------------------------------------------------------------------+
0

+--------------------- {B6||B6-9-10|B6-509} ---------------------+
| {B6||B6-9-10|B6-509}                                                |
+---------------------------------------------------------------------+

+--------------------- {A4||A4-9-0|A4-223} ---------------------+
| {A4||A4-9-0|A4-223}                                                 |
+---------------------------------------------------------------------+
0

+--------------------- {A113||A113-9-0|A113-369} ---------------------+
| {A113||A113-9-0|A113-369}                                           |
+---------------------------------------------------------------------+

+--------------------- {A6||A6-9-0|A6-231} ---------------------+
| {A6||A6-9-0|A6-231}                                                 |
+---------------------------------------------------------------------+
1

+--------------------- {A8||A8-9-0|A8-240} ---------------------+
| {A8||A8-9-0|A8-240}                                                 |
+---------------------------------------------------------------------+
0

+--------------------- {A120||A120-9-0|A120-397} ---------------------+
| {A120||A120-9-0|A120-397}                                           |
+---------------------------------------------------------------------+

+--------------------- {A7||A7-9-0|A7-235} ---------------------+
| {A7||A7-9-0|A7-235}                                                 |
+---------------------------------------------------------------------+
2

+--------------------- {A304||A304-9-0|A304-488} ---------------------+
| {A304||A304-9-0|A304-488}                                           |
+---------------------------------------------------------------------+

+--------------------- {A217||A217-9-0|A217-461} ---------------------+
| {A217||A217-9-0|A217-461}                                           |
+---------------------------------------------------------------------+

+--------------------- {B45||B45-9-10|B45-657} ---------------------+
| {B45||B45-9-10|B45-657}                                             |
+---------------------------------------------------------------------+

+--------------------- {A9||A9-9-0|A9-245} ---------------------+
| {A9||A9-9-0|A9-245}                                                 |
+---------------------------------------------------------------------+
1

+--------------------- {A122||A122-9-0|A122-405} ---------------------+
| {A122||A122-9-0|A122-405}                                           |
+---------------------------------------------------------------------+

+--------------------- {A10||A10-9-0|A10-249} ---------------------+
| {A10||A10-9-0|A10-249}                                              |
+---------------------------------------------------------------------+
0

+--------------------- {A123||A123-9-0|A123-409} ---------------------+
| {A123||A123-9-0|A123-409}                                           |
+---------------------------------------------------------------------+

+--------------------- {A11||A11-9-0|A11-253} ---------------------+
| {A11||A11-9-0|A11-253}                                              |
+---------------------------------------------------------------------+
1

+--------------------- {A20||A20-9-0|A20-298} ---------------------+
| {A20||A20-9-0|A20-298}                                              |
+---------------------------------------------------------------------+
3

+--------------------- {B20||B20-9-10|B20-562} ---------------------+
| {B20||B20-9-10|B20-562}                                             |
+---------------------------------------------------------------------+

+--------------------- {A21||A21-9-0|A21-308} ---------------------+
| {A21||A21-9-0|A21-308}                                              |
+---------------------------------------------------------------------+
10

+--------------------- {B35||B35-9-10|B35-623} ---------------------+
| {B35||B35-9-10|B35-623}                                             |
+---------------------------------------------------------------------+

+--------------------- {A220||A220-9-0|A220-470} ---------------------+
| {A220||A220-9-0|A220-470}                                           |
+---------------------------------------------------------------------+

+--------------------- {B47||B47-9-10|B47-663} ---------------------+
| {B47||B47-9-10|B47-663}                                             |
+---------------------------------------------------------------------+

+--------------------- {A208||A208-9-0|A208-434} ---------------------+
| {A208||A208-9-0|A208-434}                                           |
+---------------------------------------------------------------------+

+--------------------- {A107||A107-9-0|A107-345} ---------------------+
| {A107||A107-9-0|A107-345}                                           |
+---------------------------------------------------------------------+

+--------------------- {A15||A15-9-0|A15-277} ---------------------+
| {A15||A15-9-0|A15-277}                                              |
+---------------------------------------------------------------------+
1

+--------------------- {B7||B7-9-10|B7-512} ---------------------+
| {B7||B7-9-10|B7-512}                                                |
+---------------------------------------------------------------------+

+--------------------- {A4||A4-9-0|A4-223} ---------------------+
| {A4||A4-9-0|A4-223}                                                 |
+---------------------------------------------------------------------+
1

+--------------------- {A6||A6-9-0|A6-231} ---------------------+
| {A6||A6-9-0|A6-231}                                                 |
+---------------------------------------------------------------------+
0

+--------------------- {A14||A14-9-0|A14-268} ---------------------+
| {A14||A14-9-0|A14-268}                                              |
+---------------------------------------------------------------------+
4

+--------------------- {A118||A118-9-0|A118-389} ---------------------+
| {A118||A118-9-0|A118-389}                                           |
+---------------------------------------------------------------------+

+--------------------- {A7||A7-9-0|A7-235} ---------------------+
| {A7||A7-9-0|A7-235}                                                 |
+---------------------------------------------------------------------+
1

+--------------------- {A19||A19-9-0|A19-294} ---------------------+
| {A19||A19-9-0|A19-294}                                              |
+---------------------------------------------------------------------+
0

+--------------------- {B15||B15-9-10|B15-544} ---------------------+
| {B15||B15-9-10|B15-544}                                             |
+---------------------------------------------------------------------+

+--------------------- {A10||A10-9-0|A10-249} ---------------------+
| {A10||A10-9-0|A10-249}                                              |
+---------------------------------------------------------------------+
1

+--------------------- {A21||A21-9-0|A21-308} ---------------------+
| {A21||A21-9-0|A21-308}                                              |
+---------------------------------------------------------------------+
6

+--------------------- {B31||B31-9-10|B31-605} ---------------------+
| {B31||B31-9-10|B31-605}                                             |
+---------------------------------------------------------------------+

+--------------------- {A5||A5-9-0|A5-227} ---------------------+
| {A5||A5-9-0|A5-227}                                                 |
+---------------------------------------------------------------------+
0

+--------------------- {A114||A114-9-0|A114-373} ---------------------+
| {A114||A114-9-0|A114-373}                                           |
+---------------------------------------------------------------------+

+--------------------- {A204||A204-9-0|A204-422} ---------------------+
| {A204||A204-9-0|A204-422}                                           |
+---------------------------------------------------------------------+

+--------------------- {B37||B37-9-10|B37-630} ---------------------+
| {B37||B37-9-10|B37-630}                                             |
+---------------------------------------------------------------------+

+--------------------- {A214||A214-9-0|A214-452} ---------------------+
| {A214||A214-9-0|A214-452}                                           |
+---------------------------------------------------------------------+

+--------------------- {A113||A113-9-0|A113-369} ---------------------+
| {A113||A113-9-0|A113-369}                                           |
+---------------------------------------------------------------------+

+--------------------- {A6||A6-9-0|A6-231} ---------------------+
| {A6||A6-9-0|A6-231}                                                 |
+---------------------------------------------------------------------+
1

+--------------------- {A8||A8-9-0|A8-240} ---------------------+
| {A8||A8-9-0|A8-240}                                                 |
+---------------------------------------------------------------------+
2

+--------------------- {A122||A122-9-0|A122-405} ---------------------+
| {A122||A122-9-0|A122-405}                                           |
+---------------------------------------------------------------------+

+--------------------- {A10||A10-9-0|A10-249} ---------------------+
| {A10||A10-9-0|A10-249}                                              |
+---------------------------------------------------------------------+
1

+--------------------- {A21||A21-9-0|A21-308} ---------------------+
| {A21||A21-9-0|A21-308}                                              |
+---------------------------------------------------------------------+
9

+--------------------- {B34||B34-9-10|B34-619} ---------------------+
| {B34||B34-9-10|B34-619}                                             |
+---------------------------------------------------------------------+

+--------------------- {A220||A220-9-0|A220-470} ---------------------+
| {A220||A220-9-0|A220-470}                                           |
+---------------------------------------------------------------------+

+--------------------- {B47||B47-9-10|B47-663} ---------------------+
| {B47||B47-9-10|B47-663}                                             |
+---------------------------------------------------------------------+

+--------------------- {A5||A5-9-0|A5-227} ---------------------+
| {A5||A5-9-0|A5-227}                                                 |
+---------------------------------------------------------------------+
1

+--------------------- {A115||A115-9-0|A115-377} ---------------------+
| {A115||A115-9-0|A115-377}                                           |
+---------------------------------------------------------------------+

+--------------------- {A209||A209-9-0|A209-437} ---------------------+
| {A209||A209-9-0|A209-437}                                           |
+---------------------------------------------------------------------+

+--------------------- {B40||B40-9-10|B40-639} ---------------------+
| {B40||B40-9-10|B40-639}                                             |
+---------------------------------------------------------------------+

+--------------------- {A6||A6-9-0|A6-231} ---------------------+
| {A6||A6-9-0|A6-231}                                                 |
+---------------------------------------------------------------------+
1

+--------------------- {A8||A8-9-0|A8-240} ---------------------+
| {A8||A8-9-0|A8-240}                                                 |
+---------------------------------------------------------------------+
1

+--------------------- {A121||A121-9-0|A121-401} ---------------------+
| {A121||A121-9-0|A121-401}                                           |
+---------------------------------------------------------------------+

+--------------------- {A221||A221-9-0|A221-473} ---------------------+
| {A221||A221-9-0|A221-473}                                           |
+---------------------------------------------------------------------+

+--------------------- {B48||B48-9-10|B48-666} ---------------------+
| {B48||B48-9-10|B48-666}                                             |
+---------------------------------------------------------------------+

+--------------------- {A219||A219-9-0|A219-467} ---------------------+
| {A219||A219-9-0|A219-467}                                           |
+---------------------------------------------------------------------+

+--------------------- {A122||A122-9-0|A122-405} ---------------------+
| {A122||A122-9-0|A122-405}                                           |
+---------------------------------------------------------------------+

+--------------------- {A10||A10-9-0|A10-249} ---------------------+
| {A10||A10-9-0|A10-249}                                              |
+---------------------------------------------------------------------+
0

+--------------------- {A123||A123-9-0|A123-409} ---------------------+
| {A123||A123-9-0|A123-409}                                           |
+---------------------------------------------------------------------+

+--------------------- {A11||A11-9-0|A11-253} ---------------------+
| {A11||A11-9-0|A11-253}                                              |
+---------------------------------------------------------------------+
0

+--------------------- {A108||A108-9-0|A108-349} ---------------------+
| {A108||A108-9-0|A108-349}                                           |
+---------------------------------------------------------------------+

+--------------------- {A20||A20-9-0|A20-298} ---------------------+
| {A20||A20-9-0|A20-298}                                              |
+---------------------------------------------------------------------+
0

+--------------------- {B17||B17-9-10|B17-550} ---------------------+
| {B17||B17-9-10|B17-550}                                             |
+---------------------------------------------------------------------+

+--------------------- {A3||A3-9-0|A3-219} ---------------------+
| {A3||A3-9-0|A3-219}                                                 |
+---------------------------------------------------------------------+
1

+--------------------- {A110||A110-9-0|A110-357} ---------------------+
| {A110||A110-9-0|A110-357}                                           |
+---------------------------------------------------------------------+

+--------------------- {A209||A209-9-0|A209-437} ---------------------+
| {A209||A209-9-0|A209-437}                                           |
+---------------------------------------------------------------------+

+--------------------- {B40||B40-9-10|B40-639} ---------------------+
| {B40||B40-9-10|B40-639}                                             |
+---------------------------------------------------------------------+

+--------------------- {A20||A20-9-0|A20-298} ---------------------+
| {A20||A20-9-0|A20-298}                                              |
+---------------------------------------------------------------------+
1

+--------------------- {B18||B18-9-10|B18-554} ---------------------+
| {B18||B18-9-10|B18-554}                                             |
+---------------------------------------------------------------------+

+--------------------- {A21||A21-9-0|A21-308} ---------------------+
| {A21||A21-9-0|A21-308}                                              |
+---------------------------------------------------------------------+
7

+--------------------- {B32||B32-9-10|B32-610} ---------------------+
| {B32||B32-9-10|B32-610}                                             |
+---------------------------------------------------------------------+

+--------------------- {A220||A220-9-0|A220-470} ---------------------+
| {A220||A220-9-0|A220-470}                                           |
+---------------------------------------------------------------------+

+--------------------- {B47||B47-9-10|B47-663} ---------------------+
| {B47||B47-9-10|B47-663}                                             |
+---------------------------------------------------------------------+

+--------------------- {A1||A1-9-0|A1-209} ---------------------+
| {A1||A1-9-0|A1-209}                                                 |
+---------------------------------------------------------------------+
0

+--------------------- {A104||A104-9-0|A104-333} ---------------------+
| {A104||A104-9-0|A104-333}                                           |
+---------------------------------------------------------------------+

+--------------------- {A206||A206-9-0|A206-428} ---------------------+
| {A206||A206-9-0|A206-428}                                           |
+---------------------------------------------------------------------+

+--------------------- {B38||B38-9-10|B38-633} ---------------------+
| {B38||B38-9-10|B38-633}                                             |
+---------------------------------------------------------------------+

+--------------------- {A2||A2-9-0|A2-214} ---------------------+
| {A2||A2-9-0|A2-214}                                                 |
+---------------------------------------------------------------------+
1

+--------------------- {A20||A20-9-0|A20-298} ---------------------+
| {A20||A20-9-0|A20-298}                                              |
+---------------------------------------------------------------------+
1

+--------------------- {B18||B18-9-10|B18-554} ---------------------+
| {B18||B18-9-10|B18-554}                                             |
+---------------------------------------------------------------------+

+--------------------- {A204||A204-9-0|A204-422} ---------------------+
| {A204||A204-9-0|A204-422}                                           |
+---------------------------------------------------------------------+

+--------------------- {B37||B37-9-10|B37-630} ---------------------+
| {B37||B37-9-10|B37-630}                                             |
+---------------------------------------------------------------------+

+--------------------- {A205||A205-9-0|A205-425} ---------------------+
| {A205||A205-9-0|A205-425}                                           |
+---------------------------------------------------------------------+

+--------------------- {A103||A103-9-0|A103-329} ---------------------+
| {A103||A103-9-0|A103-329}                                           |
+---------------------------------------------------------------------+

+--------------------- {A13||A13-9-0|A13-264} ---------------------+
| {A13||A13-9-0|A13-264}                                              |
+---------------------------------------------------------------------+
0

+--------------------- {A14||A14-9-0|A14-268} ---------------------+
| {A14||A14-9-0|A14-268}                                              |
+---------------------------------------------------------------------+
2

+--------------------- {A18||A18-9-0|A18-290} ---------------------+
| {A18||A18-9-0|A18-290}                                              |
+---------------------------------------------------------------------+
0

+--------------------- {B13||B13-9-10|B13-536} ---------------------+
| {B13||B13-9-10|B13-536}                                             |
+---------------------------------------------------------------------+

+--------------------- {A1||A1-9-0|A1-209} ---------------------+
| {A1||A1-9-0|A1-209}                                                 |
+---------------------------------------------------------------------+
1

+--------------------- {A105||A105-9-0|A105-337} ---------------------+
| {A105||A105-9-0|A105-337}                                           |
+---------------------------------------------------------------------+

+--------------------- {A206||A206-9-0|A206-428} ---------------------+
| {A206||A206-9-0|A206-428}                                           |
+---------------------------------------------------------------------+

+--------------------- {B38||B38-9-10|B38-633} ---------------------+
| {B38||B38-9-10|B38-633}                                             |
+---------------------------------------------------------------------+

+--------------------- {A17||A17-9-0|A17-285} ---------------------+
| {A17||A17-9-0|A17-285}                                              |
+---------------------------------------------------------------------+
2

+--------------------- {B12||B12-9-10|B12-532} ---------------------+
| {B12||B12-9-10|B12-532}                                             |
+---------------------------------------------------------------------+
::::::::::::::::::::::::::::::::            WHEN THE OILED ENGINE IN THE POLISHED FIREBOX S UNDER HIS HEADLIGHT ,
::::::::::::::::::::::::::::::::           BOILER S AND FOUR BLACK AND SHINY WHEEL S IS SHINY , WATER IS POLISHED

+--------------------- {A0||A0-9-0|A0-205 [DATA;]} ---------------------+
| {A0||A0-9-0|A0-205 [DATA;]}                                         |
+---------------------------------------------------------------------+
0

+--------------------- {A101||A101-9-0|A101-321} ---------------------+
| {A101||A101-9-0|A101-321}                                           |
+---------------------------------------------------------------------+

+--------------------- {A201||A201-9-0|A201-413} ---------------------+
| {A201||A201-9-0|A201-413}                                           |
+---------------------------------------------------------------------+

+--------------------- {A102||A102-9-0|A102-325} ---------------------+
| {A102||A102-9-0|A102-325}                                           |
+---------------------------------------------------------------------+

+--------------------- {A202||A202-9-0|A202-416} ---------------------+
| {A202||A202-9-0|A202-416}                                           |
+---------------------------------------------------------------------+

+--------------------- {A301||A301-9-0|A301-476} ---------------------+
| {A301||A301-9-0|A301-476}                                           |
+---------------------------------------------------------------------+

+--------------------- {A203||A203-9-0|A203-419} ---------------------+
| {A203||A203-9-0|A203-419}                                           |
+---------------------------------------------------------------------+

+--------------------- {B36||B36-9-10|B36-627} ---------------------+
| {B36||B36-9-10|B36-627}                                             |
+---------------------------------------------------------------------+

+--------------------- {A205||A205-9-0|A205-425} ---------------------+
| {A205||A205-9-0|A205-425}                                           |
+---------------------------------------------------------------------+

+--------------------- {A103||A103-9-0|A103-329} ---------------------+
| {A103||A103-9-0|A103-329}                                           |
+---------------------------------------------------------------------+

+--------------------- {A13||A13-9-0|A13-264} ---------------------+
| {A13||A13-9-0|A13-264}                                              |
+---------------------------------------------------------------------+
0

+--------------------- {A14||A14-9-0|A14-268} ---------------------+
| {A14||A14-9-0|A14-268}                                              |
+---------------------------------------------------------------------+
3

+--------------------- {A117||A117-9-0|A117-385} ---------------------+
| {A117||A117-9-0|A117-385}                                           |
+---------------------------------------------------------------------+

+--------------------- {A7||A7-9-0|A7-235} ---------------------+
| {A7||A7-9-0|A7-235}                                                 |
+---------------------------------------------------------------------+
2

+--------------------- {A304||A304-9-0|A304-488} ---------------------+
| {A304||A304-9-0|A304-488}                                           |
+---------------------------------------------------------------------+

+--------------------- {A217||A217-9-0|A217-461} ---------------------+
| {A217||A217-9-0|A217-461}                                           |
+---------------------------------------------------------------------+

+--------------------- {B45||B45-9-10|B45-657} ---------------------+
| {B45||B45-9-10|B45-657}                                             |
+---------------------------------------------------------------------+

+--------------------- {A18||A18-9-0|A18-290} ---------------------+
| {A18||A18-9-0|A18-290}                                              |
+---------------------------------------------------------------------+
0

+--------------------- {B13||B13-9-10|B13-536} ---------------------+
| {B13||B13-9-10|B13-536}                                             |
+---------------------------------------------------------------------+

+--------------------- {A208||A208-9-0|A208-434} ---------------------+
| {A208||A208-9-0|A208-434}                                           |
+---------------------------------------------------------------------+

+--------------------- {A107||A107-9-0|A107-345} ---------------------+
| {A107||A107-9-0|A107-345}                                           |
+---------------------------------------------------------------------+

+--------------------- {A15||A15-9-0|A15-277} ---------------------+
| {A15||A15-9-0|A15-277}                                              |
+---------------------------------------------------------------------+
1

+--------------------- {B7||B7-9-10|B7-512} ---------------------+
| {B7||B7-9-10|B7-512}                                                |
+---------------------------------------------------------------------+

+--------------------- {A4||A4-9-0|A4-223} ---------------------+
| {A4||A4-9-0|A4-223}                                                 |
+---------------------------------------------------------------------+
1

+--------------------- {A6||A6-9-0|A6-231} ---------------------+
| {A6||A6-9-0|A6-231}                                                 |
+---------------------------------------------------------------------+
1

+--------------------- {A8||A8-9-0|A8-240} ---------------------+
| {A8||A8-9-0|A8-240}                                                 |
+---------------------------------------------------------------------+
1

+--------------------- {A121||A121-9-0|A121-401} ---------------------+
| {A121||A121-9-0|A121-401}                                           |
+---------------------------------------------------------------------+

+--------------------- {A221||A221-9-0|A221-473} ---------------------+
| {A221||A221-9-0|A221-473}                                           |
+---------------------------------------------------------------------+

+--------------------- {B48||B48-9-10|B48-666} ---------------------+
| {B48||B48-9-10|B48-666}                                             |
+---------------------------------------------------------------------+

+--------------------- {A219||A219-9-0|A219-467} ---------------------+
| {A219||A219-9-0|A219-467}                                           |
+---------------------------------------------------------------------+

+--------------------- {A122||A122-9-0|A122-405} ---------------------+
| {A122||A122-9-0|A122-405}                                           |
+---------------------------------------------------------------------+

+--------------------- {A10||A10-9-0|A10-249} ---------------------+
| {A10||A10-9-0|A10-249}                                              |
+---------------------------------------------------------------------+
1

+--------------------- {A21||A21-9-0|A21-308} ---------------------+
| {A21||A21-9-0|A21-308}                                              |
+---------------------------------------------------------------------+
6

+--------------------- {B31||B31-9-10|B31-605} ---------------------+
| {B31||B31-9-10|B31-605}                                             |
+---------------------------------------------------------------------+

+--------------------- {A220||A220-9-0|A220-470} ---------------------+
| {A220||A220-9-0|A220-470}                                           |
+---------------------------------------------------------------------+

+--------------------- {B47||B47-9-10|B47-663} ---------------------+
| {B47||B47-9-10|B47-663}                                             |
+---------------------------------------------------------------------+

+--------------------- {A1||A1-9-0|A1-209} ---------------------+
| {A1||A1-9-0|A1-209}                                                 |
+---------------------------------------------------------------------+
0

+--------------------- {A104||A104-9-0|A104-333} ---------------------+
| {A104||A104-9-0|A104-333}                                           |
+---------------------------------------------------------------------+

+--------------------- {A206||A206-9-0|A206-428} ---------------------+
| {A206||A206-9-0|A206-428}                                           |
+---------------------------------------------------------------------+

+--------------------- {B38||B38-9-10|B38-633} ---------------------+
| {B38||B38-9-10|B38-633}                                             |
+---------------------------------------------------------------------+

+--------------------- {A2||A2-9-0|A2-214} ---------------------+
| {A2||A2-9-0|A2-214}                                                 |
+---------------------------------------------------------------------+
2

+--------------------- {A111||A111-9-0|A111-361} ---------------------+
| {A111||A111-9-0|A111-361}                                           |
+---------------------------------------------------------------------+

+--------------------- {A211||A211-9-0|A211-443} ---------------------+
| {A211||A211-9-0|A211-443}                                           |
+---------------------------------------------------------------------+

+--------------------- {B41||B41-9-10|B41-642 [STRAY PERIOD AS IN ORIGINAL;]} ---------------------+
| {B41||B41-9-10|B41-642 [STRAY PERIOD AS IN ORIGINAL;]}              |
+---------------------------------------------------------------------+

+--------------------- {A212||A212-9-0|A212-446} ---------------------+
| {A212||A212-9-0|A212-446}                                           |
+---------------------------------------------------------------------+

+--------------------- {A112||A112-9-0|A112-365} ---------------------+
| {A112||A112-9-0|A112-365}                                           |
+---------------------------------------------------------------------+

+--------------------- {A213||A213-9-0|A213-449} ---------------------+
| {A213||A213-9-0|A213-449}                                           |
+---------------------------------------------------------------------+

+--------------------- {B42||B42-9-10|B42-646} ---------------------+
| {B42||B42-9-10|B42-646}                                             |
+---------------------------------------------------------------------+

+--------------------- {A4||A4-9-0|A4-223} ---------------------+
| {A4||A4-9-0|A4-223}                                                 |
+---------------------------------------------------------------------+
0

+--------------------- {A113||A113-9-0|A113-369} ---------------------+
| {A113||A113-9-0|A113-369}                                           |
+---------------------------------------------------------------------+

+--------------------- {A6||A6-9-0|A6-231} ---------------------+
| {A6||A6-9-0|A6-231}                                                 |
+---------------------------------------------------------------------+
0

+--------------------- {A14||A14-9-0|A14-268} ---------------------+
| {A14||A14-9-0|A14-268}                                              |
+---------------------------------------------------------------------+
1

+--------------------- {A216||A216-9-0|A216-458} ---------------------+
| {A216||A216-9-0|A216-458}                                           |
+---------------------------------------------------------------------+

+--------------------- {B44||B44-9-10|B44-653} ---------------------+
| {B44||B44-9-10|B44-653}                                             |
+---------------------------------------------------------------------+

+--------------------- {A5||A5-9-0|A5-227} ---------------------+
| {A5||A5-9-0|A5-227}                                                 |
+---------------------------------------------------------------------+
1

+--------------------- {A115||A115-9-0|A115-377} ---------------------+
| {A115||A115-9-0|A115-377}                                           |
+---------------------------------------------------------------------+

+--------------------- {A209||A209-9-0|A209-437} ---------------------+
| {A209||A209-9-0|A209-437}                                           |
+---------------------------------------------------------------------+

+--------------------- {B40||B40-9-10|B40-639} ---------------------+
| {B40||B40-9-10|B40-639}                                             |
+---------------------------------------------------------------------+

+--------------------- {A6||A6-9-0|A6-231} ---------------------+
| {A6||A6-9-0|A6-231}                                                 |
+---------------------------------------------------------------------+
0

+--------------------- {A14||A14-9-0|A14-268} ---------------------+
| {A14||A14-9-0|A14-268}                                              |
+---------------------------------------------------------------------+
2

+--------------------- {A18||A18-9-0|A18-290} ---------------------+
| {A18||A18-9-0|A18-290}                                              |
+---------------------------------------------------------------------+
0

+--------------------- {B13||B13-9-10|B13-536} ---------------------+
| {B13||B13-9-10|B13-536}                                             |
+---------------------------------------------------------------------+

+--------------------- {A204||A204-9-0|A204-422} ---------------------+
| {A204||A204-9-0|A204-422}                                           |
+---------------------------------------------------------------------+

+--------------------- {B37||B37-9-10|B37-630} ---------------------+
| {B37||B37-9-10|B37-630}                                             |
+---------------------------------------------------------------------+

+--------------------- {A205||A205-9-0|A205-425} ---------------------+
| {A205||A205-9-0|A205-425}                                           |
+---------------------------------------------------------------------+

+--------------------- {A103||A103-9-0|A103-329} ---------------------+
| {A103||A103-9-0|A103-329}                                           |
+---------------------------------------------------------------------+

+--------------------- {A13||A13-9-0|A13-264} ---------------------+
| {A13||A13-9-0|A13-264}                                              |
+---------------------------------------------------------------------+
1

+--------------------- {B4||B4-9-10|B4-503} ---------------------+
| {B4||B4-9-10|B4-503}                                                |
+---------------------------------------------------------------------+

+--------------------- {A1||A1-9-0|A1-209} ---------------------+
| {A1||A1-9-0|A1-209}                                                 |
+---------------------------------------------------------------------+
1

+--------------------- {A105||A105-9-0|A105-337} ---------------------+
| {A105||A105-9-0|A105-337}                                           |
+---------------------------------------------------------------------+

+--------------------- {A206||A206-9-0|A206-428} ---------------------+
| {A206||A206-9-0|A206-428}                                           |
+---------------------------------------------------------------------+

+--------------------- {B38||B38-9-10|B38-633} ---------------------+
| {B38||B38-9-10|B38-633}                                             |
+---------------------------------------------------------------------+

+--------------------- {A17||A17-9-0|A17-285} ---------------------+
| {A17||A17-9-0|A17-285}                                              |
+---------------------------------------------------------------------+
1

+--------------------- {B11||B11-9-10|B11-528} ---------------------+
| {B11||B11-9-10|B11-528}                                             |
+---------------------------------------------------------------------+
::::::::::::::::::::::::::::::::            WHEN THE WATER UNDER FOUR HEADLIGHT S IS PROUD. OF SMALL AND WATER , 
::::::::::::::::::::::::::::::::           HE IS OILED                                                           

+--------------------- {A0||A0-9-0|A0-205 [DATA;]} ---------------------+
| {A0||A0-9-0|A0-205 [DATA;]}                                         |
+---------------------------------------------------------------------+
1

+--------------------- {A103||A103-9-0|A103-329} ---------------------+
| {A103||A103-9-0|A103-329}                                           |
+---------------------------------------------------------------------+

+--------------------- {A13||A13-9-0|A13-264} ---------------------+
| {A13||A13-9-0|A13-264}                                              |
+---------------------------------------------------------------------+
0

+--------------------- {A14||A14-9-0|A14-268} ---------------------+
| {A14||A14-9-0|A14-268}                                              |
+---------------------------------------------------------------------+
0

+--------------------- {A116||A116-9-0|A116-381} ---------------------+
| {A116||A116-9-0|A116-381}                                           |
+---------------------------------------------------------------------+

+--------------------- {A215||A215-9-0|A215-455} ---------------------+
| {A215||A215-9-0|A215-455}                                           |
+---------------------------------------------------------------------+

+--------------------- {B43||B43-9-10|B43-649} ---------------------+
| {B43||B43-9-10|B43-649}                                             |
+---------------------------------------------------------------------+

+--------------------- {A216||A216-9-0|A216-458} ---------------------+
| {A216||A216-9-0|A216-458}                                           |
+---------------------------------------------------------------------+

+--------------------- {B44||B44-9-10|B44-653} ---------------------+
| {B44||B44-9-10|B44-653}                                             |
+---------------------------------------------------------------------+

+--------------------- {A1||A1-9-0|A1-209} ---------------------+
| {A1||A1-9-0|A1-209}                                                 |
+---------------------------------------------------------------------+
0

+--------------------- {A104||A104-9-0|A104-333} ---------------------+
| {A104||A104-9-0|A104-333}                                           |
+---------------------------------------------------------------------+

+--------------------- {A206||A206-9-0|A206-428} ---------------------+
| {A206||A206-9-0|A206-428}                                           |
+---------------------------------------------------------------------+

+--------------------- {B38||B38-9-10|B38-633} ---------------------+
| {B38||B38-9-10|B38-633}                                             |
+---------------------------------------------------------------------+

+--------------------- {A2||A2-9-0|A2-214} ---------------------+
| {A2||A2-9-0|A2-214}                                                 |
+---------------------------------------------------------------------+
2

+--------------------- {A111||A111-9-0|A111-361} ---------------------+
| {A111||A111-9-0|A111-361}                                           |
+---------------------------------------------------------------------+

+--------------------- {A211||A211-9-0|A211-443} ---------------------+
| {A211||A211-9-0|A211-443}                                           |
+---------------------------------------------------------------------+

+--------------------- {B41||B41-9-10|B41-642 [STRAY PERIOD AS IN ORIGINAL;]} ---------------------+
| {B41||B41-9-10|B41-642 [STRAY PERIOD AS IN ORIGINAL;]}              |
+---------------------------------------------------------------------+

+--------------------- {A212||A212-9-0|A212-446} ---------------------+
| {A212||A212-9-0|A212-446}                                           |
+---------------------------------------------------------------------+

+--------------------- {A112||A112-9-0|A112-365} ---------------------+
| {A112||A112-9-0|A112-365}                                           |
+---------------------------------------------------------------------+

+--------------------- {A213||A213-9-0|A213-449} ---------------------+
| {A213||A213-9-0|A213-449}                                           |
+---------------------------------------------------------------------+

+--------------------- {B42||B42-9-10|B42-646} ---------------------+
| {B42||B42-9-10|B42-646}                                             |
+---------------------------------------------------------------------+

+--------------------- {A4||A4-9-0|A4-223} ---------------------+
| {A4||A4-9-0|A4-223}                                                 |
+---------------------------------------------------------------------+
0

+--------------------- {A113||A113-9-0|A113-369} ---------------------+
| {A113||A113-9-0|A113-369}                                           |
+---------------------------------------------------------------------+

+--------------------- {A6||A6-9-0|A6-231} ---------------------+
| {A6||A6-9-0|A6-231}                                                 |
+---------------------------------------------------------------------+
0

+--------------------- {A14||A14-9-0|A14-268} ---------------------+
| {A14||A14-9-0|A14-268}                                              |
+---------------------------------------------------------------------+
2

+--------------------- {A18||A18-9-0|A18-290} ---------------------+
| {A18||A18-9-0|A18-290}                                              |
+---------------------------------------------------------------------+
0

+--------------------- {B13||B13-9-10|B13-536} ---------------------+
| {B13||B13-9-10|B13-536}                                             |
+---------------------------------------------------------------------+

+--------------------- {A5||A5-9-0|A5-227} ---------------------+
| {A5||A5-9-0|A5-227}                                                 |
+---------------------------------------------------------------------+
1

+--------------------- {A115||A115-9-0|A115-377} ---------------------+
| {A115||A115-9-0|A115-377}                                           |
+---------------------------------------------------------------------+

+--------------------- {A209||A209-9-0|A209-437} ---------------------+
| {A209||A209-9-0|A209-437}                                           |
+---------------------------------------------------------------------+

+--------------------- {B40||B40-9-10|B40-639} ---------------------+
| {B40||B40-9-10|B40-639}                                             |
+---------------------------------------------------------------------+

+--------------------- {A6||A6-9-0|A6-231} ---------------------+
| {A6||A6-9-0|A6-231}                                                 |
+---------------------------------------------------------------------+
1

+--------------------- {A8||A8-9-0|A8-240} ---------------------+
| {A8||A8-9-0|A8-240}                                                 |
+---------------------------------------------------------------------+
2

+--------------------- {A122||A122-9-0|A122-405} ---------------------+
| {A122||A122-9-0|A122-405}                                           |
+---------------------------------------------------------------------+

+--------------------- {A10||A10-9-0|A10-249} ---------------------+
| {A10||A10-9-0|A10-249}                                              |
+---------------------------------------------------------------------+
1

+--------------------- {A21||A21-9-0|A21-308} ---------------------+
| {A21||A21-9-0|A21-308}                                              |
+---------------------------------------------------------------------+
2

+--------------------- {B27||B27-9-10|B27-590} ---------------------+
| {B27||B27-9-10|B27-590}                                             |
+---------------------------------------------------------------------+

+--------------------- {A220||A220-9-0|A220-470} ---------------------+
| {A220||A220-9-0|A220-470}                                           |
+---------------------------------------------------------------------+

+--------------------- {B47||B47-9-10|B47-663} ---------------------+
| {B47||B47-9-10|B47-663}                                             |
+---------------------------------------------------------------------+
::::::::::::::::::::::::::::::::            ENGINEER SMALL IS PROUD. OF WATER AND ENGINE S                       

+--------------------- {A0||A0-9-0|A0-205 [DATA;]} ---------------------+
| {A0||A0-9-0|A0-205 [DATA;]}                                         |
+---------------------------------------------------------------------+
1

+--------------------- {A103||A103-9-0|A103-329} ---------------------+
| {A103||A103-9-0|A103-329}                                           |
+---------------------------------------------------------------------+

+--------------------- {A13||A13-9-0|A13-264} ---------------------+
| {A13||A13-9-0|A13-264}                                              |
+---------------------------------------------------------------------+
1

+--------------------- {B4||B4-9-10|B4-503} ---------------------+
| {B4||B4-9-10|B4-503}                                                |
+---------------------------------------------------------------------+

+--------------------- {A1||A1-9-0|A1-209} ---------------------+
| {A1||A1-9-0|A1-209}                                                 |
+---------------------------------------------------------------------+
2

+--------------------- {A106||A106-9-0|A106-341} ---------------------+
| {A106||A106-9-0|A106-341}                                           |
+---------------------------------------------------------------------+

+--------------------- {A12||A12-9-0|A12-257} ---------------------+
| {A12||A12-9-0|A12-257}                                              |
+---------------------------------------------------------------------+
3

+--------------------- {B2||B2-9-10|B2-496} ---------------------+
| {B2||B2-9-10|B2-496}                                                |
+---------------------------------------------------------------------+

+--------------------- {A4||A4-9-0|A4-223} ---------------------+
| {A4||A4-9-0|A4-223}                                                 |
+---------------------------------------------------------------------+
0

+--------------------- {A113||A113-9-0|A113-369} ---------------------+
| {A113||A113-9-0|A113-369}                                           |
+---------------------------------------------------------------------+

+--------------------- {A6||A6-9-0|A6-231} ---------------------+
| {A6||A6-9-0|A6-231}                                                 |
+---------------------------------------------------------------------+
0

+--------------------- {A14||A14-9-0|A14-268} ---------------------+
| {A14||A14-9-0|A14-268}                                              |
+---------------------------------------------------------------------+
4

+--------------------- {A118||A118-9-0|A118-389} ---------------------+
| {A118||A118-9-0|A118-389}                                           |
+---------------------------------------------------------------------+

+--------------------- {A7||A7-9-0|A7-235} ---------------------+
| {A7||A7-9-0|A7-235}                                                 |
+---------------------------------------------------------------------+
1

+--------------------- {A19||A19-9-0|A19-294} ---------------------+
| {A19||A19-9-0|A19-294}                                              |
+---------------------------------------------------------------------+
1

+--------------------- {B16||B16-9-10|B16-547} ---------------------+
| {B16||B16-9-10|B16-547}                                             |
+---------------------------------------------------------------------+

+--------------------- {A10||A10-9-0|A10-249} ---------------------+
| {A10||A10-9-0|A10-249}                                              |
+---------------------------------------------------------------------+
0

+--------------------- {A123||A123-9-0|A123-409} ---------------------+
| {A123||A123-9-0|A123-409}                                           |
+---------------------------------------------------------------------+

+--------------------- {A11||A11-9-0|A11-253} ---------------------+
| {A11||A11-9-0|A11-253}                                              |
+---------------------------------------------------------------------+
1

+--------------------- {A20||A20-9-0|A20-298} ---------------------+
| {A20||A20-9-0|A20-298}                                              |
+---------------------------------------------------------------------+
0

+--------------------- {B17||B17-9-10|B17-550} ---------------------+
| {B17||B17-9-10|B17-550}                                             |
+---------------------------------------------------------------------+

+--------------------- {A21||A21-9-0|A21-308} ---------------------+
| {A21||A21-9-0|A21-308}                                              |
+---------------------------------------------------------------------+
8

+--------------------- {B33||B33-9-10|B33-614} ---------------------+
| {B33||B33-9-10|B33-614}                                             |
+---------------------------------------------------------------------+

+--------------------- {A5||A5-9-0|A5-227} ---------------------+
| {A5||A5-9-0|A5-227}                                                 |
+---------------------------------------------------------------------+
1

+--------------------- {A115||A115-9-0|A115-377} ---------------------+
| {A115||A115-9-0|A115-377}                                           |
+---------------------------------------------------------------------+

+--------------------- {A209||A209-9-0|A209-437} ---------------------+
| {A209||A209-9-0|A209-437}                                           |
+---------------------------------------------------------------------+

+--------------------- {B40||B40-9-10|B40-639} ---------------------+
| {B40||B40-9-10|B40-639}                                             |
+---------------------------------------------------------------------+

+--------------------- {A6||A6-9-0|A6-231} ---------------------+
| {A6||A6-9-0|A6-231}                                                 |
+---------------------------------------------------------------------+
1

+--------------------- {A8||A8-9-0|A8-240} ---------------------+
| {A8||A8-9-0|A8-240}                                                 |
+---------------------------------------------------------------------+
0

+--------------------- {A120||A120-9-0|A120-397} ---------------------+
| {A120||A120-9-0|A120-397}                                           |
+---------------------------------------------------------------------+

+--------------------- {A7||A7-9-0|A7-235} ---------------------+
| {A7||A7-9-0|A7-235}                                                 |
+---------------------------------------------------------------------+
0

+--------------------- {A217||A217-9-0|A217-461} ---------------------+
| {A217||A217-9-0|A217-461}                                           |
+---------------------------------------------------------------------+

+--------------------- {B45||B45-9-10|B45-657} ---------------------+
| {B45||B45-9-10|B45-657}                                             |
+---------------------------------------------------------------------+

+--------------------- {A9||A9-9-0|A9-245} ---------------------+
| {A9||A9-9-0|A9-245}                                                 |
+---------------------------------------------------------------------+
1

+--------------------- {A122||A122-9-0|A122-405} ---------------------+
| {A122||A122-9-0|A122-405}                                           |
+---------------------------------------------------------------------+

+--------------------- {A10||A10-9-0|A10-249} ---------------------+
| {A10||A10-9-0|A10-249}                                              |
+---------------------------------------------------------------------+
1

+--------------------- {A21||A21-9-0|A21-308} ---------------------+
| {A21||A21-9-0|A21-308}                                              |
+---------------------------------------------------------------------+
1

+--------------------- {B26||B26-9-10|B26-586} ---------------------+
| {B26||B26-9-10|B26-586}                                             |
+---------------------------------------------------------------------+

+--------------------- {A220||A220-9-0|A220-470} ---------------------+
| {A220||A220-9-0|A220-470}                                           |
+---------------------------------------------------------------------+

+--------------------- {B47||B47-9-10|B47-663} ---------------------+
| {B47||B47-9-10|B47-663}                                             |
+---------------------------------------------------------------------+
::::::::::::::::::::::::::::::::            HE MAKES ITS BLACK SMOKESTACK AND THE TRAIN S                        

+--------------------- {A0||A0-9-0|A0-205 [DATA;]} ---------------------+
| {A0||A0-9-0|A0-205 [DATA;]}                                         |
+---------------------------------------------------------------------+
1

+--------------------- {A103||A103-9-0|A103-329} ---------------------+
| {A103||A103-9-0|A103-329}                                           |
+---------------------------------------------------------------------+

+--------------------- {A13||A13-9-0|A13-264} ---------------------+
| {A13||A13-9-0|A13-264}                                              |
+---------------------------------------------------------------------+
1

+--------------------- {B4||B4-9-10|B4-503} ---------------------+
| {B4||B4-9-10|B4-503}                                                |
+---------------------------------------------------------------------+

+--------------------- {A1||A1-9-0|A1-209} ---------------------+
| {A1||A1-9-0|A1-209}                                                 |
+---------------------------------------------------------------------+
0

+--------------------- {A104||A104-9-0|A104-333} ---------------------+
| {A104||A104-9-0|A104-333}                                           |
+---------------------------------------------------------------------+

+--------------------- {A206||A206-9-0|A206-428} ---------------------+
| {A206||A206-9-0|A206-428}                                           |
+---------------------------------------------------------------------+

+--------------------- {B38||B38-9-10|B38-633} ---------------------+
| {B38||B38-9-10|B38-633}                                             |
+---------------------------------------------------------------------+

+--------------------- {A2||A2-9-0|A2-214} ---------------------+
| {A2||A2-9-0|A2-214}                                                 |
+---------------------------------------------------------------------+
2

+--------------------- {A111||A111-9-0|A111-361} ---------------------+
| {A111||A111-9-0|A111-361}                                           |
+---------------------------------------------------------------------+

+--------------------- {A211||A211-9-0|A211-443} ---------------------+
| {A211||A211-9-0|A211-443}                                           |
+---------------------------------------------------------------------+

+--------------------- {B41||B41-9-10|B41-642 [STRAY PERIOD AS IN ORIGINAL;]} ---------------------+
| {B41||B41-9-10|B41-642 [STRAY PERIOD AS IN ORIGINAL;]}              |
+---------------------------------------------------------------------+

+--------------------- {A212||A212-9-0|A212-446} ---------------------+
| {A212||A212-9-0|A212-446}                                           |
+---------------------------------------------------------------------+

+--------------------- {A112||A112-9-0|A112-365} ---------------------+
| {A112||A112-9-0|A112-365}                                           |
+---------------------------------------------------------------------+

+--------------------- {A213||A213-9-0|A213-449} ---------------------+
| {A213||A213-9-0|A213-449}                                           |
+---------------------------------------------------------------------+

+--------------------- {B42||B42-9-10|B42-646} ---------------------+
| {B42||B42-9-10|B42-646}                                             |
+---------------------------------------------------------------------+

+--------------------- {A4||A4-9-0|A4-223} ---------------------+
| {A4||A4-9-0|A4-223}                                                 |
+---------------------------------------------------------------------+
0

+--------------------- {A113||A113-9-0|A113-369} ---------------------+
| {A113||A113-9-0|A113-369}                                           |
+---------------------------------------------------------------------+

+--------------------- {A6||A6-9-0|A6-231} ---------------------+
| {A6||A6-9-0|A6-231}                                                 |
+---------------------------------------------------------------------+
1

+--------------------- {A8||A8-9-0|A8-240} ---------------------+
| {A8||A8-9-0|A8-240}                                                 |
+---------------------------------------------------------------------+
0

+--------------------- {A120||A120-9-0|A120-397} ---------------------+
| {A120||A120-9-0|A120-397}                                           |
+---------------------------------------------------------------------+

+--------------------- {A7||A7-9-0|A7-235} ---------------------+
| {A7||A7-9-0|A7-235}                                                 |
+---------------------------------------------------------------------+
1

+--------------------- {A19||A19-9-0|A19-294} ---------------------+
| {A19||A19-9-0|A19-294}                                              |
+---------------------------------------------------------------------+
1

+--------------------- {B16||B16-9-10|B16-547} ---------------------+
| {B16||B16-9-10|B16-547}                                             |
+---------------------------------------------------------------------+

+--------------------- {A9||A9-9-0|A9-245} ---------------------+
| {A9||A9-9-0|A9-245}                                                 |
+---------------------------------------------------------------------+
1

+--------------------- {A122||A122-9-0|A122-405} ---------------------+
| {A122||A122-9-0|A122-405}                                           |
+---------------------------------------------------------------------+

+--------------------- {A10||A10-9-0|A10-249} ---------------------+
| {A10||A10-9-0|A10-249}                                              |
+---------------------------------------------------------------------+
1

+--------------------- {A21||A21-9-0|A21-308} ---------------------+
| {A21||A21-9-0|A21-308}                                              |
+---------------------------------------------------------------------+
2

+--------------------- {B27||B27-9-10|B27-590} ---------------------+
| {B27||B27-9-10|B27-590}                                             |
+---------------------------------------------------------------------+

+--------------------- {A220||A220-9-0|A220-470} ---------------------+
| {A220||A220-9-0|A220-470}                                           |
+---------------------------------------------------------------------+

+--------------------- {B47||B47-9-10|B47-663} ---------------------+
| {B47||B47-9-10|B47-663}                                             |
+---------------------------------------------------------------------+

+--------------------- {A5||A5-9-0|A5-227} ---------------------+
| {A5||A5-9-0|A5-227}                                                 |
+---------------------------------------------------------------------+
0

+--------------------- {A114||A114-9-0|A114-373} ---------------------+
| {A114||A114-9-0|A114-373}                                           |
+---------------------------------------------------------------------+

+--------------------- {A204||A204-9-0|A204-422} ---------------------+
| {A204||A204-9-0|A204-422}                                           |
+---------------------------------------------------------------------+

+--------------------- {B37||B37-9-10|B37-630} ---------------------+
| {B37||B37-9-10|B37-630}                                             |
+---------------------------------------------------------------------+

+--------------------- {A214||A214-9-0|A214-452} ---------------------+
| {A214||A214-9-0|A214-452}                                           |
+---------------------------------------------------------------------+

+--------------------- {A113||A113-9-0|A113-369} ---------------------+
| {A113||A113-9-0|A113-369}                                           |
+---------------------------------------------------------------------+

+--------------------- {A6||A6-9-0|A6-231} ---------------------+
| {A6||A6-9-0|A6-231}                                                 |
+---------------------------------------------------------------------+
0

+--------------------- {A14||A14-9-0|A14-268} ---------------------+
| {A14||A14-9-0|A14-268}                                              |
+---------------------------------------------------------------------+
3

+--------------------- {A117||A117-9-0|A117-385} ---------------------+
| {A117||A117-9-0|A117-385}                                           |
+---------------------------------------------------------------------+

+--------------------- {A7||A7-9-0|A7-235} ---------------------+
| {A7||A7-9-0|A7-235}                                                 |
+---------------------------------------------------------------------+
1

+--------------------- {A19||A19-9-0|A19-294} ---------------------+
| {A19||A19-9-0|A19-294}                                              |
+---------------------------------------------------------------------+
1

+--------------------- {B16||B16-9-10|B16-547} ---------------------+
| {B16||B16-9-10|B16-547}                                             |
+---------------------------------------------------------------------+

+--------------------- {A18||A18-9-0|A18-290} ---------------------+
| {A18||A18-9-0|A18-290}                                              |
+---------------------------------------------------------------------+
1

+--------------------- {B14||B14-9-10|B14-540} ---------------------+
| {B14||B14-9-10|B14-540}                                             |
+---------------------------------------------------------------------+

+--------------------- {A5||A5-9-0|A5-227} ---------------------+
| {A5||A5-9-0|A5-227}                                                 |
+---------------------------------------------------------------------+
1

+--------------------- {A115||A115-9-0|A115-377} ---------------------+
| {A115||A115-9-0|A115-377}                                           |
+---------------------------------------------------------------------+

+--------------------- {A209||A209-9-0|A209-437} ---------------------+
| {A209||A209-9-0|A209-437}                                           |
+---------------------------------------------------------------------+

+--------------------- {B40||B40-9-10|B40-639} ---------------------+
| {B40||B40-9-10|B40-639}                                             |
+---------------------------------------------------------------------+

+--------------------- {A6||A6-9-0|A6-231} ---------------------+
| {A6||A6-9-0|A6-231}                                                 |
+---------------------------------------------------------------------+
0

+--------------------- {A14||A14-9-0|A14-268} ---------------------+
| {A14||A14-9-0|A14-268}                                              |
+---------------------------------------------------------------------+
5

+--------------------- {A119||A119-9-0|A119-393} ---------------------+
| {A119||A119-9-0|A119-393}                                           |
+---------------------------------------------------------------------+

+--------------------- {A218||A218-9-0|A218-464} ---------------------+
| {A218||A218-9-0|A218-464}                                           |
+---------------------------------------------------------------------+

+--------------------- {B46||B46-9-10|B46-660} ---------------------+
| {B46||B46-9-10|B46-660}                                             |
+---------------------------------------------------------------------+

+--------------------- {A10||A10-9-0|A10-249} ---------------------+
| {A10||A10-9-0|A10-249}                                              |
+---------------------------------------------------------------------+
0

+--------------------- {A123||A123-9-0|A123-409} ---------------------+
| {A123||A123-9-0|A123-409}                                           |
+---------------------------------------------------------------------+

+--------------------- {A11||A11-9-0|A11-253} ---------------------+
| {A11||A11-9-0|A11-253}                                              |
+---------------------------------------------------------------------+
1

+--------------------- {A20||A20-9-0|A20-298} ---------------------+
| {A20||A20-9-0|A20-298}                                              |
+---------------------------------------------------------------------+
4

+--------------------- {B21||B21-9-10|B21-566} ---------------------+
| {B21||B21-9-10|B21-566}                                             |
+---------------------------------------------------------------------+

+--------------------- {A21||A21-9-0|A21-308} ---------------------+
| {A21||A21-9-0|A21-308}                                              |
+---------------------------------------------------------------------+
7

+--------------------- {B32||B32-9-10|B32-610} ---------------------+
| {B32||B32-9-10|B32-610}                                             |
+---------------------------------------------------------------------+
::::::::::::::::::::::::::::::::            HE IS PROUD. OF ITS ENGINE S , ITS STEAM AND A HEATED WHEEL          

+--------------------- {A0||A0-9-0|A0-205 [DATA;]} ---------------------+
| {A0||A0-9-0|A0-205 [DATA;]}                                         |
+---------------------------------------------------------------------+
1

+--------------------- {A103||A103-9-0|A103-329} ---------------------+
| {A103||A103-9-0|A103-329}                                           |
+---------------------------------------------------------------------+

+--------------------- {A13||A13-9-0|A13-264} ---------------------+
| {A13||A13-9-0|A13-264}                                              |
+---------------------------------------------------------------------+
1

+--------------------- {B4||B4-9-10|B4-503} ---------------------+
| {B4||B4-9-10|B4-503}                                                |
+---------------------------------------------------------------------+

+--------------------- {A1||A1-9-0|A1-209} ---------------------+
| {A1||A1-9-0|A1-209}                                                 |
+---------------------------------------------------------------------+
2

+--------------------- {A106||A106-9-0|A106-341} ---------------------+
| {A106||A106-9-0|A106-341}                                           |
+---------------------------------------------------------------------+

+--------------------- {A12||A12-9-0|A12-257} ---------------------+
| {A12||A12-9-0|A12-257}                                              |
+---------------------------------------------------------------------+
2

+--------------------- {B1||B1-9-10|B1-492} ---------------------+
| {B1||B1-9-10|B1-492}                                                |
+---------------------------------------------------------------------+

+--------------------- {A4||A4-9-0|A4-223} ---------------------+
| {A4||A4-9-0|A4-223}                                                 |
+---------------------------------------------------------------------+
0

+--------------------- {A113||A113-9-0|A113-369} ---------------------+
| {A113||A113-9-0|A113-369}                                           |
+---------------------------------------------------------------------+

+--------------------- {A6||A6-9-0|A6-231} ---------------------+
| {A6||A6-9-0|A6-231}                                                 |
+---------------------------------------------------------------------+
1

+--------------------- {A8||A8-9-0|A8-240} ---------------------+
| {A8||A8-9-0|A8-240}                                                 |
+---------------------------------------------------------------------+
0

+--------------------- {A120||A120-9-0|A120-397} ---------------------+
| {A120||A120-9-0|A120-397}                                           |
+---------------------------------------------------------------------+

+--------------------- {A7||A7-9-0|A7-235} ---------------------+
| {A7||A7-9-0|A7-235}                                                 |
+---------------------------------------------------------------------+
0

+--------------------- {A217||A217-9-0|A217-461} ---------------------+
| {A217||A217-9-0|A217-461}                                           |
+---------------------------------------------------------------------+

+--------------------- {B45||B45-9-10|B45-657} ---------------------+
| {B45||B45-9-10|B45-657}                                             |
+---------------------------------------------------------------------+

+--------------------- {A9||A9-9-0|A9-245} ---------------------+
| {A9||A9-9-0|A9-245}                                                 |
+---------------------------------------------------------------------+
0

+--------------------- {A121||A121-9-0|A121-401} ---------------------+
| {A121||A121-9-0|A121-401}                                           |
+---------------------------------------------------------------------+

+--------------------- {A221||A221-9-0|A221-473} ---------------------+
| {A221||A221-9-0|A221-473}                                           |
+---------------------------------------------------------------------+

+--------------------- {B48||B48-9-10|B48-666} ---------------------+
| {B48||B48-9-10|B48-666}                                             |
+---------------------------------------------------------------------+

+--------------------- {A219||A219-9-0|A219-467} ---------------------+
| {A219||A219-9-0|A219-467}                                           |
+---------------------------------------------------------------------+

+--------------------- {A122||A122-9-0|A122-405} ---------------------+
| {A122||A122-9-0|A122-405}                                           |
+---------------------------------------------------------------------+

+--------------------- {A10||A10-9-0|A10-249} ---------------------+
| {A10||A10-9-0|A10-249}                                              |
+---------------------------------------------------------------------+
1

+--------------------- {A21||A21-9-0|A21-308} ---------------------+
| {A21||A21-9-0|A21-308}                                              |
+---------------------------------------------------------------------+
0

+--------------------- {B25||B25-9-10|B25-581} ---------------------+
| {B25||B25-9-10|B25-581}                                             |
+---------------------------------------------------------------------+

+--------------------- {A220||A220-9-0|A220-470} ---------------------+
| {A220||A220-9-0|A220-470}                                           |
+---------------------------------------------------------------------+

+--------------------- {B47||B47-9-10|B47-663} ---------------------+
| {B47||B47-9-10|B47-663}                                             |
+---------------------------------------------------------------------+

+--------------------- {A5||A5-9-0|A5-227} ---------------------+
| {A5||A5-9-0|A5-227}                                                 |
+---------------------------------------------------------------------+
0

+--------------------- {A114||A114-9-0|A114-373} ---------------------+
| {A114||A114-9-0|A114-373}                                           |
+---------------------------------------------------------------------+

+--------------------- {A204||A204-9-0|A204-422} ---------------------+
| {A204||A204-9-0|A204-422}                                           |
+---------------------------------------------------------------------+

+--------------------- {B37||B37-9-10|B37-630} ---------------------+
| {B37||B37-9-10|B37-630}                                             |
+---------------------------------------------------------------------+

+--------------------- {A214||A214-9-0|A214-452} ---------------------+
| {A214||A214-9-0|A214-452}                                           |
+---------------------------------------------------------------------+

+--------------------- {A113||A113-9-0|A113-369} ---------------------+
| {A113||A113-9-0|A113-369}                                           |
+---------------------------------------------------------------------+

+--------------------- {A6||A6-9-0|A6-231} ---------------------+
| {A6||A6-9-0|A6-231}                                                 |
+---------------------------------------------------------------------+
0

+--------------------- {A14||A14-9-0|A14-268} ---------------------+
| {A14||A14-9-0|A14-268}                                              |
+---------------------------------------------------------------------+
5

+--------------------- {A119||A119-9-0|A119-393} ---------------------+
| {A119||A119-9-0|A119-393}                                           |
+---------------------------------------------------------------------+

+--------------------- {A218||A218-9-0|A218-464} ---------------------+
| {A218||A218-9-0|A218-464}                                           |
+---------------------------------------------------------------------+

+--------------------- {B46||B46-9-10|B46-660} ---------------------+
| {B46||B46-9-10|B46-660}                                             |
+---------------------------------------------------------------------+

+--------------------- {A10||A10-9-0|A10-249} ---------------------+
| {A10||A10-9-0|A10-249}                                              |
+---------------------------------------------------------------------+
0

+--------------------- {A123||A123-9-0|A123-409} ---------------------+
| {A123||A123-9-0|A123-409}                                           |
+---------------------------------------------------------------------+

+--------------------- {A11||A11-9-0|A11-253} ---------------------+
| {A11||A11-9-0|A11-253}                                              |
+---------------------------------------------------------------------+
0

+--------------------- {A108||A108-9-0|A108-349} ---------------------+
| {A108||A108-9-0|A108-349}                                           |
+---------------------------------------------------------------------+

+--------------------- {A20||A20-9-0|A20-298} ---------------------+
| {A20||A20-9-0|A20-298}                                              |
+---------------------------------------------------------------------+
4

+--------------------- {B21||B21-9-10|B21-566} ---------------------+
| {B21||B21-9-10|B21-566}                                             |
+---------------------------------------------------------------------+

+--------------------- {A3||A3-9-0|A3-219} ---------------------+
| {A3||A3-9-0|A3-219}                                                 |
+---------------------------------------------------------------------+
1

+--------------------- {A110||A110-9-0|A110-357} ---------------------+
| {A110||A110-9-0|A110-357}                                           |
+---------------------------------------------------------------------+

+--------------------- {A209||A209-9-0|A209-437} ---------------------+
| {A209||A209-9-0|A209-437}                                           |
+---------------------------------------------------------------------+

+--------------------- {B40||B40-9-10|B40-639} ---------------------+
| {B40||B40-9-10|B40-639}                                             |
+---------------------------------------------------------------------+

+--------------------- {A20||A20-9-0|A20-298} ---------------------+
| {A20||A20-9-0|A20-298}                                              |
+---------------------------------------------------------------------+
0

+--------------------- {B17||B17-9-10|B17-550} ---------------------+
| {B17||B17-9-10|B17-550}                                             |
+---------------------------------------------------------------------+

+--------------------- {A21||A21-9-0|A21-308} ---------------------+
| {A21||A21-9-0|A21-308}                                              |
+---------------------------------------------------------------------+
1

+--------------------- {B26||B26-9-10|B26-586} ---------------------+
| {B26||B26-9-10|B26-586}                                             |
+---------------------------------------------------------------------+

+--------------------- {A5||A5-9-0|A5-227} ---------------------+
| {A5||A5-9-0|A5-227}                                                 |
+---------------------------------------------------------------------+
1

+--------------------- {A115||A115-9-0|A115-377} ---------------------+
| {A115||A115-9-0|A115-377}                                           |
+---------------------------------------------------------------------+

+--------------------- {A209||A209-9-0|A209-437} ---------------------+
| {A209||A209-9-0|A209-437}                                           |
+---------------------------------------------------------------------+

+--------------------- {B40||B40-9-10|B40-639} ---------------------+
| {B40||B40-9-10|B40-639}                                             |
+---------------------------------------------------------------------+

+--------------------- {A6||A6-9-0|A6-231} ---------------------+
| {A6||A6-9-0|A6-231}                                                 |
+---------------------------------------------------------------------+
0

+--------------------- {A14||A14-9-0|A14-268} ---------------------+
| {A14||A14-9-0|A14-268}                                              |
+---------------------------------------------------------------------+
1

+--------------------- {A216||A216-9-0|A216-458} ---------------------+
| {A216||A216-9-0|A216-458}                                           |
+---------------------------------------------------------------------+

+--------------------- {B44||B44-9-10|B44-653} ---------------------+
| {B44||B44-9-10|B44-653}                                             |
+---------------------------------------------------------------------+
::::::::::::::::::::::::::::::::            HE KEEPS THE FOUR DRIVINGWHEEL S , A HEATED AND BLACK TRAIN AND SMALL

+--------------------- {A0||A0-9-0|A0-205 [DATA;]} ---------------------+
| {A0||A0-9-0|A0-205 [DATA;]}                                         |
+---------------------------------------------------------------------+
0

+--------------------- {A101||A101-9-0|A101-321} ---------------------+
| {A101||A101-9-0|A101-321}                                           |
+---------------------------------------------------------------------+

+--------------------- {A201||A201-9-0|A201-413} ---------------------+
| {A201||A201-9-0|A201-413}                                           |
+---------------------------------------------------------------------+

+--------------------- {A102||A102-9-0|A102-325} ---------------------+
| {A102||A102-9-0|A102-325}                                           |
+---------------------------------------------------------------------+

+--------------------- {A202||A202-9-0|A202-416} ---------------------+
| {A202||A202-9-0|A202-416}                                           |
+---------------------------------------------------------------------+

+--------------------- {A301||A301-9-0|A301-476} ---------------------+
| {A301||A301-9-0|A301-476}                                           |
+---------------------------------------------------------------------+

+--------------------- {A203||A203-9-0|A203-419} ---------------------+
| {A203||A203-9-0|A203-419}                                           |
+---------------------------------------------------------------------+

+--------------------- {B36||B36-9-10|B36-627} ---------------------+
| {B36||B36-9-10|B36-627}                                             |
+---------------------------------------------------------------------+

+--------------------- {A205||A205-9-0|A205-425} ---------------------+
| {A205||A205-9-0|A205-425}                                           |
+---------------------------------------------------------------------+

+--------------------- {A103||A103-9-0|A103-329} ---------------------+
| {A103||A103-9-0|A103-329}                                           |
+---------------------------------------------------------------------+

+--------------------- {A13||A13-9-0|A13-264} ---------------------+
| {A13||A13-9-0|A13-264}                                              |
+---------------------------------------------------------------------+
0

+--------------------- {A14||A14-9-0|A14-268} ---------------------+
| {A14||A14-9-0|A14-268}                                              |
+---------------------------------------------------------------------+
5

+--------------------- {A119||A119-9-0|A119-393} ---------------------+
| {A119||A119-9-0|A119-393}                                           |
+---------------------------------------------------------------------+

+--------------------- {A218||A218-9-0|A218-464} ---------------------+
| {A218||A218-9-0|A218-464}                                           |
+---------------------------------------------------------------------+

+--------------------- {B46||B46-9-10|B46-660} ---------------------+
| {B46||B46-9-10|B46-660}                                             |
+---------------------------------------------------------------------+

+--------------------- {A10||A10-9-0|A10-249} ---------------------+
| {A10||A10-9-0|A10-249}                                              |
+---------------------------------------------------------------------+
0

+--------------------- {A123||A123-9-0|A123-409} ---------------------+
| {A123||A123-9-0|A123-409}                                           |
+---------------------------------------------------------------------+

+--------------------- {A11||A11-9-0|A11-253} ---------------------+
| {A11||A11-9-0|A11-253}                                              |
+---------------------------------------------------------------------+
0

+--------------------- {A108||A108-9-0|A108-349} ---------------------+
| {A108||A108-9-0|A108-349}                                           |
+---------------------------------------------------------------------+

+--------------------- {A20||A20-9-0|A20-298} ---------------------+
| {A20||A20-9-0|A20-298}                                              |
+---------------------------------------------------------------------+
2

+--------------------- {B19||B19-9-10|B19-558} ---------------------+
| {B19||B19-9-10|B19-558}                                             |
+---------------------------------------------------------------------+

+--------------------- {A3||A3-9-0|A3-219} ---------------------+
| {A3||A3-9-0|A3-219}                                                 |
+---------------------------------------------------------------------+
0

+--------------------- {A109||A109-9-0|A109-353} ---------------------+
| {A109||A109-9-0|A109-353}                                           |
+---------------------------------------------------------------------+

+--------------------- {A204||A204-9-0|A204-422} ---------------------+
| {A204||A204-9-0|A204-422}                                           |
+---------------------------------------------------------------------+

+--------------------- {B37||B37-9-10|B37-630} ---------------------+
| {B37||B37-9-10|B37-630}                                             |
+---------------------------------------------------------------------+

+--------------------- {A210||A210-9-0|A210-440} ---------------------+
| {A210||A210-9-0|A210-440}                                           |
+---------------------------------------------------------------------+

+--------------------- {A108||A108-9-0|A108-349} ---------------------+
| {A108||A108-9-0|A108-349}                                           |
+---------------------------------------------------------------------+

+--------------------- {A20||A20-9-0|A20-298} ---------------------+
| {A20||A20-9-0|A20-298}                                              |
+---------------------------------------------------------------------+
5

+--------------------- {B22||B22-9-10|B22-570} ---------------------+
| {B22||B22-9-10|B22-570}                                             |
+---------------------------------------------------------------------+

+--------------------- {A3||A3-9-0|A3-219} ---------------------+
| {A3||A3-9-0|A3-219}                                                 |
+---------------------------------------------------------------------+
0

+--------------------- {A109||A109-9-0|A109-353} ---------------------+
| {A109||A109-9-0|A109-353}                                           |
+---------------------------------------------------------------------+

+--------------------- {A204||A204-9-0|A204-422} ---------------------+
| {A204||A204-9-0|A204-422}                                           |
+---------------------------------------------------------------------+

+--------------------- {B37||B37-9-10|B37-630} ---------------------+
| {B37||B37-9-10|B37-630}                                             |
+---------------------------------------------------------------------+

+--------------------- {A210||A210-9-0|A210-440} ---------------------+
| {A210||A210-9-0|A210-440}                                           |
+---------------------------------------------------------------------+

+--------------------- {A108||A108-9-0|A108-349} ---------------------+
| {A108||A108-9-0|A108-349}                                           |
+---------------------------------------------------------------------+

+--------------------- {A20||A20-9-0|A20-298} ---------------------+
| {A20||A20-9-0|A20-298}                                              |
+---------------------------------------------------------------------+
0

+--------------------- {B17||B17-9-10|B17-550} ---------------------+
| {B17||B17-9-10|B17-550}                                             |
+---------------------------------------------------------------------+

+--------------------- {A3||A3-9-0|A3-219} ---------------------+
| {A3||A3-9-0|A3-219}                                                 |
+---------------------------------------------------------------------+
1

+--------------------- {A110||A110-9-0|A110-357} ---------------------+
| {A110||A110-9-0|A110-357}                                           |
+---------------------------------------------------------------------+

+--------------------- {A209||A209-9-0|A209-437} ---------------------+
| {A209||A209-9-0|A209-437}                                           |
+---------------------------------------------------------------------+

+--------------------- {B40||B40-9-10|B40-639} ---------------------+
| {B40||B40-9-10|B40-639}                                             |
+---------------------------------------------------------------------+

+--------------------- {A20||A20-9-0|A20-298} ---------------------+
| {A20||A20-9-0|A20-298}                                              |
+---------------------------------------------------------------------+
5

+--------------------- {B22||B22-9-10|B22-570} ---------------------+
| {B22||B22-9-10|B22-570}                                             |
+---------------------------------------------------------------------+

+--------------------- {A21||A21-9-0|A21-308} ---------------------+
| {A21||A21-9-0|A21-308}                                              |
+---------------------------------------------------------------------+
9

+--------------------- {B34||B34-9-10|B34-619} ---------------------+
| {B34||B34-9-10|B34-619}                                             |
+---------------------------------------------------------------------+

+--------------------- {A1||A1-9-0|A1-209} ---------------------+
| {A1||A1-9-0|A1-209}                                                 |
+---------------------------------------------------------------------+
2

+--------------------- {A106||A106-9-0|A106-341} ---------------------+
| {A106||A106-9-0|A106-341}                                           |
+---------------------------------------------------------------------+

+--------------------- {A12||A12-9-0|A12-257} ---------------------+
| {A12||A12-9-0|A12-257}                                              |
+---------------------------------------------------------------------+
4

+--------------------- {B3||B3-9-10|B3-500} ---------------------+
| {B3||B3-9-10|B3-500}                                                |
+---------------------------------------------------------------------+

+--------------------- {A4||A4-9-0|A4-223} ---------------------+
| {A4||A4-9-0|A4-223}                                                 |
+---------------------------------------------------------------------+
1

+--------------------- {A6||A6-9-0|A6-231} ---------------------+
| {A6||A6-9-0|A6-231}                                                 |
+---------------------------------------------------------------------+
1

+--------------------- {A8||A8-9-0|A8-240} ---------------------+
| {A8||A8-9-0|A8-240}                                                 |
+---------------------------------------------------------------------+
0

+--------------------- {A120||A120-9-0|A120-397} ---------------------+
| {A120||A120-9-0|A120-397}                                           |
+---------------------------------------------------------------------+

+--------------------- {A7||A7-9-0|A7-235} ---------------------+
| {A7||A7-9-0|A7-235}                                                 |
+---------------------------------------------------------------------+
2

+--------------------- {A304||A304-9-0|A304-488} ---------------------+
| {A304||A304-9-0|A304-488}                                           |
+---------------------------------------------------------------------+

+--------------------- {A217||A217-9-0|A217-461} ---------------------+
| {A217||A217-9-0|A217-461}                                           |
+---------------------------------------------------------------------+

+--------------------- {B45||B45-9-10|B45-657} ---------------------+
| {B45||B45-9-10|B45-657}                                             |
+---------------------------------------------------------------------+

+--------------------- {A9||A9-9-0|A9-245} ---------------------+
| {A9||A9-9-0|A9-245}                                                 |
+---------------------------------------------------------------------+
1

+--------------------- {A122||A122-9-0|A122-405} ---------------------+
| {A122||A122-9-0|A122-405}                                           |
+---------------------------------------------------------------------+

+--------------------- {A10||A10-9-0|A10-249} ---------------------+
| {A10||A10-9-0|A10-249}                                              |
+---------------------------------------------------------------------+
0

+--------------------- {A123||A123-9-0|A123-409} ---------------------+
| {A123||A123-9-0|A123-409}                                           |
+---------------------------------------------------------------------+

+--------------------- {A11||A11-9-0|A11-253} ---------------------+
| {A11||A11-9-0|A11-253}                                              |
+---------------------------------------------------------------------+
0

+--------------------- {A108||A108-9-0|A108-349} ---------------------+
| {A108||A108-9-0|A108-349}                                           |
+---------------------------------------------------------------------+

+--------------------- {A20||A20-9-0|A20-298} ---------------------+
| {A20||A20-9-0|A20-298}                                              |
+---------------------------------------------------------------------+
4

+--------------------- {B21||B21-9-10|B21-566} ---------------------+
| {B21||B21-9-10|B21-566}                                             |
+---------------------------------------------------------------------+

+--------------------- {A3||A3-9-0|A3-219} ---------------------+
| {A3||A3-9-0|A3-219}                                                 |
+---------------------------------------------------------------------+
0

+--------------------- {A109||A109-9-0|A109-353} ---------------------+
| {A109||A109-9-0|A109-353}                                           |
+---------------------------------------------------------------------+

+--------------------- {A204||A204-9-0|A204-422} ---------------------+
| {A204||A204-9-0|A204-422}                                           |
+---------------------------------------------------------------------+

+--------------------- {B37||B37-9-10|B37-630} ---------------------+
| {B37||B37-9-10|B37-630}                                             |
+---------------------------------------------------------------------+

+--------------------- {A210||A210-9-0|A210-440} ---------------------+
| {A210||A210-9-0|A210-440}                                           |
+---------------------------------------------------------------------+

+--------------------- {A108||A108-9-0|A108-349} ---------------------+
| {A108||A108-9-0|A108-349}                                           |
+---------------------------------------------------------------------+

+--------------------- {A20||A20-9-0|A20-298} ---------------------+
| {A20||A20-9-0|A20-298}                                              |
+---------------------------------------------------------------------+
5

+--------------------- {B22||B22-9-10|B22-570} ---------------------+
| {B22||B22-9-10|B22-570}                                             |
+---------------------------------------------------------------------+

+--------------------- {A3||A3-9-0|A3-219} ---------------------+
| {A3||A3-9-0|A3-219}                                                 |
+---------------------------------------------------------------------+
1

+--------------------- {A110||A110-9-0|A110-357} ---------------------+
| {A110||A110-9-0|A110-357}                                           |
+---------------------------------------------------------------------+

+--------------------- {A209||A209-9-0|A209-437} ---------------------+
| {A209||A209-9-0|A209-437}                                           |
+---------------------------------------------------------------------+

+--------------------- {B40||B40-9-10|B40-639} ---------------------+
| {B40||B40-9-10|B40-639}                                             |
+---------------------------------------------------------------------+

+--------------------- {A20||A20-9-0|A20-298} ---------------------+
| {A20||A20-9-0|A20-298}                                              |
+---------------------------------------------------------------------+
3

+--------------------- {B20||B20-9-10|B20-562} ---------------------+
| {B20||B20-9-10|B20-562}                                             |
+---------------------------------------------------------------------+

+--------------------- {A21||A21-9-0|A21-308} ---------------------+
| {A21||A21-9-0|A21-308}                                              |
+---------------------------------------------------------------------+
10

+--------------------- {B35||B35-9-10|B35-623} ---------------------+
| {B35||B35-9-10|B35-623}                                             |
+---------------------------------------------------------------------+

+--------------------- {A220||A220-9-0|A220-470} ---------------------+
| {A220||A220-9-0|A220-470}                                           |
+---------------------------------------------------------------------+

+--------------------- {B47||B47-9-10|B47-663} ---------------------+
| {B47||B47-9-10|B47-663}                                             |
+---------------------------------------------------------------------+

+--------------------- {A208||A208-9-0|A208-434} ---------------------+
| {A208||A208-9-0|A208-434}                                           |
+---------------------------------------------------------------------+

+--------------------- {A107||A107-9-0|A107-345} ---------------------+
| {A107||A107-9-0|A107-345}                                           |
+---------------------------------------------------------------------+

+--------------------- {A15||A15-9-0|A15-277} ---------------------+
| {A15||A15-9-0|A15-277}                                              |
+---------------------------------------------------------------------+
0

+--------------------- {B6||B6-9-10|B6-509} ---------------------+
| {B6||B6-9-10|B6-509}                                                |
+---------------------------------------------------------------------+

+--------------------- {A4||A4-9-0|A4-223} ---------------------+
| {A4||A4-9-0|A4-223}                                                 |
+---------------------------------------------------------------------+
0

+--------------------- {A113||A113-9-0|A113-369} ---------------------+
| {A113||A113-9-0|A113-369}                                           |
+---------------------------------------------------------------------+

+--------------------- {A6||A6-9-0|A6-231} ---------------------+
| {A6||A6-9-0|A6-231}                                                 |
+---------------------------------------------------------------------+
1

+--------------------- {A8||A8-9-0|A8-240} ---------------------+
| {A8||A8-9-0|A8-240}                                                 |
+---------------------------------------------------------------------+
1

+--------------------- {A121||A121-9-0|A121-401} ---------------------+
| {A121||A121-9-0|A121-401}                                           |
+---------------------------------------------------------------------+

+--------------------- {A221||A221-9-0|A221-473} ---------------------+
| {A221||A221-9-0|A221-473}                                           |
+---------------------------------------------------------------------+

+--------------------- {B48||B48-9-10|B48-666} ---------------------+
| {B48||B48-9-10|B48-666}                                             |
+---------------------------------------------------------------------+

+--------------------- {A219||A219-9-0|A219-467} ---------------------+
| {A219||A219-9-0|A219-467}                                           |
+---------------------------------------------------------------------+

+--------------------- {A122||A122-9-0|A122-405} ---------------------+
| {A122||A122-9-0|A122-405}                                           |
+---------------------------------------------------------------------+

+--------------------- {A10||A10-9-0|A10-249} ---------------------+
| {A10||A10-9-0|A10-249}                                              |
+---------------------------------------------------------------------+
0

+--------------------- {A123||A123-9-0|A123-409} ---------------------+
| {A123||A123-9-0|A123-409}                                           |
+---------------------------------------------------------------------+

+--------------------- {A11||A11-9-0|A11-253} ---------------------+
| {A11||A11-9-0|A11-253}                                              |
+---------------------------------------------------------------------+
1

+--------------------- {A20||A20-9-0|A20-298} ---------------------+
| {A20||A20-9-0|A20-298}                                              |
+---------------------------------------------------------------------+
3

+--------------------- {B20||B20-9-10|B20-562} ---------------------+
| {B20||B20-9-10|B20-562}                                             |
+---------------------------------------------------------------------+

+--------------------- {A21||A21-9-0|A21-308} ---------------------+
| {A21||A21-9-0|A21-308}                                              |
+---------------------------------------------------------------------+
0

+--------------------- {B25||B25-9-10|B25-581} ---------------------+
| {B25||B25-9-10|B25-581}                                             |
+---------------------------------------------------------------------+

+--------------------- {A220||A220-9-0|A220-470} ---------------------+
| {A220||A220-9-0|A220-470}                                           |
+---------------------------------------------------------------------+

+--------------------- {B47||B47-9-10|B47-663} ---------------------+
| {B47||B47-9-10|B47-663}                                             |
+---------------------------------------------------------------------+

+--------------------- {A5||A5-9-0|A5-227} ---------------------+
| {A5||A5-9-0|A5-227}                                                 |
+---------------------------------------------------------------------+
1

+--------------------- {A115||A115-9-0|A115-377} ---------------------+
| {A115||A115-9-0|A115-377}                                           |
+---------------------------------------------------------------------+

+--------------------- {A209||A209-9-0|A209-437} ---------------------+
| {A209||A209-9-0|A209-437}                                           |
+---------------------------------------------------------------------+

+--------------------- {B40||B40-9-10|B40-639} ---------------------+
| {B40||B40-9-10|B40-639}                                             |
+---------------------------------------------------------------------+

+--------------------- {A6||A6-9-0|A6-231} ---------------------+
| {A6||A6-9-0|A6-231}                                                 |
+---------------------------------------------------------------------+
0

+--------------------- {A14||A14-9-0|A14-268} ---------------------+
| {A14||A14-9-0|A14-268}                                              |
+---------------------------------------------------------------------+
2

+--------------------- {A18||A18-9-0|A18-290} ---------------------+
| {A18||A18-9-0|A18-290}                                              |
+---------------------------------------------------------------------+
1

+--------------------- {B14||B14-9-10|B14-540} ---------------------+
| {B14||B14-9-10|B14-540}                                             |
+---------------------------------------------------------------------+

+--------------------- {A204||A204-9-0|A204-422} ---------------------+
| {A204||A204-9-0|A204-422}                                           |
+---------------------------------------------------------------------+

+--------------------- {B37||B37-9-10|B37-630} ---------------------+
| {B37||B37-9-10|B37-630}                                             |
+---------------------------------------------------------------------+

+--------------------- {A205||A205-9-0|A205-425} ---------------------+
| {A205||A205-9-0|A205-425}                                           |
+---------------------------------------------------------------------+

+--------------------- {A103||A103-9-0|A103-329} ---------------------+
| {A103||A103-9-0|A103-329}                                           |
+---------------------------------------------------------------------+

+--------------------- {A13||A13-9-0|A13-264} ---------------------+
| {A13||A13-9-0|A13-264}                                              |
+---------------------------------------------------------------------+
1

+--------------------- {B4||B4-9-10|B4-503} ---------------------+
| {B4||B4-9-10|B4-503}                                                |
+---------------------------------------------------------------------+

+--------------------- {A1||A1-9-0|A1-209} ---------------------+
| {A1||A1-9-0|A1-209}                                                 |
+---------------------------------------------------------------------+
0

+--------------------- {A104||A104-9-0|A104-333} ---------------------+
| {A104||A104-9-0|A104-333}                                           |
+---------------------------------------------------------------------+

+--------------------- {A206||A206-9-0|A206-428} ---------------------+
| {A206||A206-9-0|A206-428}                                           |
+---------------------------------------------------------------------+

+--------------------- {B38||B38-9-10|B38-633} ---------------------+
| {B38||B38-9-10|B38-633}                                             |
+---------------------------------------------------------------------+

+--------------------- {A2||A2-9-0|A2-214} ---------------------+
| {A2||A2-9-0|A2-214}                                                 |
+---------------------------------------------------------------------+
1

+--------------------- {A20||A20-9-0|A20-298} ---------------------+
| {A20||A20-9-0|A20-298}                                              |
+---------------------------------------------------------------------+
3

+--------------------- {B20||B20-9-10|B20-562} ---------------------+
| {B20||B20-9-10|B20-562}                                             |
+---------------------------------------------------------------------+
::::::::::::::::::::::::::::::::            WHEN A OILED , BIG , BLACK AND BIG BOILER HAS THE HEATED , BIG AND   
::::::::::::::::::::::::::::::::           POLISHED FIREBOX S IN FOUR POLISHED DRIVINGWHEEL S AND STEAM , HE IS  
::::::::::::::::::::::::::::::::           POLISHED                                                              

+--------------------- {A0||A0-9-0|A0-205 [DATA;]} ---------------------+
| {A0||A0-9-0|A0-205 [DATA;]}                                         |
+---------------------------------------------------------------------+
0

+--------------------- {A101||A101-9-0|A101-321} ---------------------+
| {A101||A101-9-0|A101-321}                                           |
+---------------------------------------------------------------------+

+--------------------- {A201||A201-9-0|A201-413} ---------------------+
| {A201||A201-9-0|A201-413}                                           |
+---------------------------------------------------------------------+

+--------------------- {A102||A102-9-0|A102-325} ---------------------+
| {A102||A102-9-0|A102-325}                                           |
+---------------------------------------------------------------------+

+--------------------- {A202||A202-9-0|A202-416} ---------------------+
| {A202||A202-9-0|A202-416}                                           |
+---------------------------------------------------------------------+

+--------------------- {A301||A301-9-0|A301-476} ---------------------+
| {A301||A301-9-0|A301-476}                                           |
+---------------------------------------------------------------------+

+--------------------- {A203||A203-9-0|A203-419} ---------------------+
| {A203||A203-9-0|A203-419}                                           |
+---------------------------------------------------------------------+

+--------------------- {B36||B36-9-10|B36-627} ---------------------+
| {B36||B36-9-10|B36-627}                                             |
+---------------------------------------------------------------------+

+--------------------- {A205||A205-9-0|A205-425} ---------------------+
| {A205||A205-9-0|A205-425}                                           |
+---------------------------------------------------------------------+

+--------------------- {A103||A103-9-0|A103-329} ---------------------+
| {A103||A103-9-0|A103-329}                                           |
+---------------------------------------------------------------------+

+--------------------- {A13||A13-9-0|A13-264} ---------------------+
| {A13||A13-9-0|A13-264}                                              |
+---------------------------------------------------------------------+
1

+--------------------- {B4||B4-9-10|B4-503} ---------------------+
| {B4||B4-9-10|B4-503}                                                |
+---------------------------------------------------------------------+

+--------------------- {A1||A1-9-0|A1-209} ---------------------+
| {A1||A1-9-0|A1-209}                                                 |
+---------------------------------------------------------------------+
0

+--------------------- {A104||A104-9-0|A104-333} ---------------------+
| {A104||A104-9-0|A104-333}                                           |
+---------------------------------------------------------------------+

+--------------------- {A206||A206-9-0|A206-428} ---------------------+
| {A206||A206-9-0|A206-428}                                           |
+---------------------------------------------------------------------+

+--------------------- {B38||B38-9-10|B38-633} ---------------------+
| {B38||B38-9-10|B38-633}                                             |
+---------------------------------------------------------------------+

+--------------------- {A2||A2-9-0|A2-214} ---------------------+
| {A2||A2-9-0|A2-214}                                                 |
+---------------------------------------------------------------------+
1

+--------------------- {A20||A20-9-0|A20-298} ---------------------+
| {A20||A20-9-0|A20-298}                                              |
+---------------------------------------------------------------------+
5

+--------------------- {B22||B22-9-10|B22-570} ---------------------+
| {B22||B22-9-10|B22-570}                                             |
+---------------------------------------------------------------------+

+--------------------- {A204||A204-9-0|A204-422} ---------------------+
| {A204||A204-9-0|A204-422}                                           |
+---------------------------------------------------------------------+

+--------------------- {B37||B37-9-10|B37-630} ---------------------+
| {B37||B37-9-10|B37-630}                                             |
+---------------------------------------------------------------------+

+--------------------- {A205||A205-9-0|A205-425} ---------------------+
| {A205||A205-9-0|A205-425}                                           |
+---------------------------------------------------------------------+

+--------------------- {A103||A103-9-0|A103-329} ---------------------+
| {A103||A103-9-0|A103-329}                                           |
+---------------------------------------------------------------------+

+--------------------- {A13||A13-9-0|A13-264} ---------------------+
| {A13||A13-9-0|A13-264}                                              |
+---------------------------------------------------------------------+
0

+--------------------- {A14||A14-9-0|A14-268} ---------------------+
| {A14||A14-9-0|A14-268}                                              |
+---------------------------------------------------------------------+
4

+--------------------- {A118||A118-9-0|A118-389} ---------------------+
| {A118||A118-9-0|A118-389}                                           |
+---------------------------------------------------------------------+

+--------------------- {A7||A7-9-0|A7-235} ---------------------+
| {A7||A7-9-0|A7-235}                                                 |
+---------------------------------------------------------------------+
2

+--------------------- {A304||A304-9-0|A304-488} ---------------------+
| {A304||A304-9-0|A304-488}                                           |
+---------------------------------------------------------------------+

+--------------------- {A217||A217-9-0|A217-461} ---------------------+
| {A217||A217-9-0|A217-461}                                           |
+---------------------------------------------------------------------+

+--------------------- {B45||B45-9-10|B45-657} ---------------------+
| {B45||B45-9-10|B45-657}                                             |
+---------------------------------------------------------------------+

+--------------------- {A10||A10-9-0|A10-249} ---------------------+
| {A10||A10-9-0|A10-249}                                              |
+---------------------------------------------------------------------+
1

+--------------------- {A21||A21-9-0|A21-308} ---------------------+
| {A21||A21-9-0|A21-308}                                              |
+---------------------------------------------------------------------+
0

+--------------------- {B25||B25-9-10|B25-581} ---------------------+
| {B25||B25-9-10|B25-581}                                             |
+---------------------------------------------------------------------+

+--------------------- {A208||A208-9-0|A208-434} ---------------------+
| {A208||A208-9-0|A208-434}                                           |
+---------------------------------------------------------------------+

+--------------------- {A107||A107-9-0|A107-345} ---------------------+
| {A107||A107-9-0|A107-345}                                           |
+---------------------------------------------------------------------+

+--------------------- {A15||A15-9-0|A15-277} ---------------------+
| {A15||A15-9-0|A15-277}                                              |
+---------------------------------------------------------------------+
0

+--------------------- {B6||B6-9-10|B6-509} ---------------------+
| {B6||B6-9-10|B6-509}                                                |
+---------------------------------------------------------------------+

+--------------------- {A4||A4-9-0|A4-223} ---------------------+
| {A4||A4-9-0|A4-223}                                                 |
+---------------------------------------------------------------------+
0

+--------------------- {A113||A113-9-0|A113-369} ---------------------+
| {A113||A113-9-0|A113-369}                                           |
+---------------------------------------------------------------------+

+--------------------- {A6||A6-9-0|A6-231} ---------------------+
| {A6||A6-9-0|A6-231}                                                 |
+---------------------------------------------------------------------+
1

+--------------------- {A8||A8-9-0|A8-240} ---------------------+
| {A8||A8-9-0|A8-240}                                                 |
+---------------------------------------------------------------------+
1

+--------------------- {A121||A121-9-0|A121-401} ---------------------+
| {A121||A121-9-0|A121-401}                                           |
+---------------------------------------------------------------------+

+--------------------- {A221||A221-9-0|A221-473} ---------------------+
| {A221||A221-9-0|A221-473}                                           |
+---------------------------------------------------------------------+

+--------------------- {B48||B48-9-10|B48-666} ---------------------+
| {B48||B48-9-10|B48-666}                                             |
+---------------------------------------------------------------------+

+--------------------- {A219||A219-9-0|A219-467} ---------------------+
| {A219||A219-9-0|A219-467}                                           |
+---------------------------------------------------------------------+

+--------------------- {A122||A122-9-0|A122-405} ---------------------+
| {A122||A122-9-0|A122-405}                                           |
+---------------------------------------------------------------------+

+--------------------- {A10||A10-9-0|A10-249} ---------------------+
| {A10||A10-9-0|A10-249}                                              |
+---------------------------------------------------------------------+
0

+--------------------- {A123||A123-9-0|A123-409} ---------------------+
| {A123||A123-9-0|A123-409}                                           |
+---------------------------------------------------------------------+

+--------------------- {A11||A11-9-0|A11-253} ---------------------+
| {A11||A11-9-0|A11-253}                                              |
+---------------------------------------------------------------------+
0

+--------------------- {A108||A108-9-0|A108-349} ---------------------+
| {A108||A108-9-0|A108-349}                                           |
+---------------------------------------------------------------------+

+--------------------- {A20||A20-9-0|A20-298} ---------------------+
| {A20||A20-9-0|A20-298}                                              |
+---------------------------------------------------------------------+
3

+--------------------- {B20||B20-9-10|B20-562} ---------------------+
| {B20||B20-9-10|B20-562}                                             |
+---------------------------------------------------------------------+

+--------------------- {A3||A3-9-0|A3-219} ---------------------+
| {A3||A3-9-0|A3-219}                                                 |
+---------------------------------------------------------------------+
1

+--------------------- {A110||A110-9-0|A110-357} ---------------------+
| {A110||A110-9-0|A110-357}                                           |
+---------------------------------------------------------------------+

+--------------------- {A209||A209-9-0|A209-437} ---------------------+
| {A209||A209-9-0|A209-437}                                           |
+---------------------------------------------------------------------+

+--------------------- {B40||B40-9-10|B40-639} ---------------------+
| {B40||B40-9-10|B40-639}                                             |
+---------------------------------------------------------------------+

+--------------------- {A20||A20-9-0|A20-298} ---------------------+
| {A20||A20-9-0|A20-298}                                              |
+---------------------------------------------------------------------+
3

+--------------------- {B20||B20-9-10|B20-562} ---------------------+
| {B20||B20-9-10|B20-562}                                             |
+---------------------------------------------------------------------+

+--------------------- {A21||A21-9-0|A21-308} ---------------------+
| {A21||A21-9-0|A21-308}                                              |
+---------------------------------------------------------------------+
10

+--------------------- {B35||B35-9-10|B35-623} ---------------------+
| {B35||B35-9-10|B35-623}                                             |
+---------------------------------------------------------------------+

+--------------------- {A220||A220-9-0|A220-470} ---------------------+
| {A220||A220-9-0|A220-470}                                           |
+---------------------------------------------------------------------+

+--------------------- {B47||B47-9-10|B47-663} ---------------------+
| {B47||B47-9-10|B47-663}                                             |
+---------------------------------------------------------------------+

+--------------------- {A5||A5-9-0|A5-227} ---------------------+
| {A5||A5-9-0|A5-227}                                                 |
+---------------------------------------------------------------------+
0

+--------------------- {A114||A114-9-0|A114-373} ---------------------+
| {A114||A114-9-0|A114-373}                                           |
+---------------------------------------------------------------------+

+--------------------- {A204||A204-9-0|A204-422} ---------------------+
| {A204||A204-9-0|A204-422}                                           |
+---------------------------------------------------------------------+

+--------------------- {B37||B37-9-10|B37-630} ---------------------+
| {B37||B37-9-10|B37-630}                                             |
+---------------------------------------------------------------------+

+--------------------- {A214||A214-9-0|A214-452} ---------------------+
| {A214||A214-9-0|A214-452}                                           |
+---------------------------------------------------------------------+

+--------------------- {A113||A113-9-0|A113-369} ---------------------+
| {A113||A113-9-0|A113-369}                                           |
+---------------------------------------------------------------------+

+--------------------- {A6||A6-9-0|A6-231} ---------------------+
| {A6||A6-9-0|A6-231}                                                 |
+---------------------------------------------------------------------+
1

+--------------------- {A8||A8-9-0|A8-240} ---------------------+
| {A8||A8-9-0|A8-240}                                                 |
+---------------------------------------------------------------------+
1

+--------------------- {A121||A121-9-0|A121-401} ---------------------+
| {A121||A121-9-0|A121-401}                                           |
+---------------------------------------------------------------------+

+--------------------- {A221||A221-9-0|A221-473} ---------------------+
| {A221||A221-9-0|A221-473}                                           |
+---------------------------------------------------------------------+

+--------------------- {B48||B48-9-10|B48-666} ---------------------+
| {B48||B48-9-10|B48-666}                                             |
+---------------------------------------------------------------------+

+--------------------- {A219||A219-9-0|A219-467} ---------------------+
| {A219||A219-9-0|A219-467}                                           |
+---------------------------------------------------------------------+

+--------------------- {A122||A122-9-0|A122-405} ---------------------+
| {A122||A122-9-0|A122-405}                                           |
+---------------------------------------------------------------------+

+--------------------- {A10||A10-9-0|A10-249} ---------------------+
| {A10||A10-9-0|A10-249}                                              |
+---------------------------------------------------------------------+
1

+--------------------- {A21||A21-9-0|A21-308} ---------------------+
| {A21||A21-9-0|A21-308}                                              |
+---------------------------------------------------------------------+
5

+--------------------- {B30||B30-9-10|B30-601} ---------------------+
| {B30||B30-9-10|B30-601}                                             |
+---------------------------------------------------------------------+

+--------------------- {A220||A220-9-0|A220-470} ---------------------+
| {A220||A220-9-0|A220-470}                                           |
+---------------------------------------------------------------------+

+--------------------- {B47||B47-9-10|B47-663} ---------------------+
| {B47||B47-9-10|B47-663}                                             |
+---------------------------------------------------------------------+

+--------------------- {A5||A5-9-0|A5-227} ---------------------+
| {A5||A5-9-0|A5-227}                                                 |
+---------------------------------------------------------------------+
0

+--------------------- {A114||A114-9-0|A114-373} ---------------------+
| {A114||A114-9-0|A114-373}                                           |
+---------------------------------------------------------------------+

+--------------------- {A204||A204-9-0|A204-422} ---------------------+
| {A204||A204-9-0|A204-422}                                           |
+---------------------------------------------------------------------+

+--------------------- {B37||B37-9-10|B37-630} ---------------------+
| {B37||B37-9-10|B37-630}                                             |
+---------------------------------------------------------------------+

+--------------------- {A214||A214-9-0|A214-452} ---------------------+
| {A214||A214-9-0|A214-452}                                           |
+---------------------------------------------------------------------+

+--------------------- {A113||A113-9-0|A113-369} ---------------------+
| {A113||A113-9-0|A113-369}                                           |
+---------------------------------------------------------------------+

+--------------------- {A6||A6-9-0|A6-231} ---------------------+
| {A6||A6-9-0|A6-231}                                                 |
+---------------------------------------------------------------------+
1

+--------------------- {A8||A8-9-0|A8-240} ---------------------+
| {A8||A8-9-0|A8-240}                                                 |
+---------------------------------------------------------------------+
1

+--------------------- {A121||A121-9-0|A121-401} ---------------------+
| {A121||A121-9-0|A121-401}                                           |
+---------------------------------------------------------------------+

+--------------------- {A221||A221-9-0|A221-473} ---------------------+
| {A221||A221-9-0|A221-473}                                           |
+---------------------------------------------------------------------+

+--------------------- {B48||B48-9-10|B48-666} ---------------------+
| {B48||B48-9-10|B48-666}                                             |
+---------------------------------------------------------------------+

+--------------------- {A219||A219-9-0|A219-467} ---------------------+
| {A219||A219-9-0|A219-467}                                           |
+---------------------------------------------------------------------+

+--------------------- {A122||A122-9-0|A122-405} ---------------------+
| {A122||A122-9-0|A122-405}                                           |
+---------------------------------------------------------------------+

+--------------------- {A10||A10-9-0|A10-249} ---------------------+
| {A10||A10-9-0|A10-249}                                              |
+---------------------------------------------------------------------+
0

+--------------------- {A123||A123-9-0|A123-409} ---------------------+
| {A123||A123-9-0|A123-409}                                           |
+---------------------------------------------------------------------+

+--------------------- {A11||A11-9-0|A11-253} ---------------------+
| {A11||A11-9-0|A11-253}                                              |
+---------------------------------------------------------------------+
0

+--------------------- {A108||A108-9-0|A108-349} ---------------------+
| {A108||A108-9-0|A108-349}                                           |
+---------------------------------------------------------------------+

+--------------------- {A20||A20-9-0|A20-298} ---------------------+
| {A20||A20-9-0|A20-298}                                              |
+---------------------------------------------------------------------+
6

+--------------------- {B23||B23-9-10|B23-573} ---------------------+
| {B23||B23-9-10|B23-573}                                             |
+---------------------------------------------------------------------+

+--------------------- {A3||A3-9-0|A3-219} ---------------------+
| {A3||A3-9-0|A3-219}                                                 |
+---------------------------------------------------------------------+
1

+--------------------- {A110||A110-9-0|A110-357} ---------------------+
| {A110||A110-9-0|A110-357}                                           |
+---------------------------------------------------------------------+

+--------------------- {A209||A209-9-0|A209-437} ---------------------+
| {A209||A209-9-0|A209-437}                                           |
+---------------------------------------------------------------------+

+--------------------- {B40||B40-9-10|B40-639} ---------------------+
| {B40||B40-9-10|B40-639}                                             |
+---------------------------------------------------------------------+

+--------------------- {A20||A20-9-0|A20-298} ---------------------+
| {A20||A20-9-0|A20-298}                                              |
+---------------------------------------------------------------------+
1

+--------------------- {B18||B18-9-10|B18-554} ---------------------+
| {B18||B18-9-10|B18-554}                                             |
+---------------------------------------------------------------------+

+--------------------- {A21||A21-9-0|A21-308} ---------------------+
| {A21||A21-9-0|A21-308}                                              |
+---------------------------------------------------------------------+
10

+--------------------- {B35||B35-9-10|B35-623} ---------------------+
| {B35||B35-9-10|B35-623}                                             |
+---------------------------------------------------------------------+

+--------------------- {A220||A220-9-0|A220-470} ---------------------+
| {A220||A220-9-0|A220-470}                                           |
+---------------------------------------------------------------------+

+--------------------- {B47||B47-9-10|B47-663} ---------------------+
| {B47||B47-9-10|B47-663}                                             |
+---------------------------------------------------------------------+

+--------------------- {A5||A5-9-0|A5-227} ---------------------+
| {A5||A5-9-0|A5-227}                                                 |
+---------------------------------------------------------------------+
1

+--------------------- {A115||A115-9-0|A115-377} ---------------------+
| {A115||A115-9-0|A115-377}                                           |
+---------------------------------------------------------------------+

+--------------------- {A209||A209-9-0|A209-437} ---------------------+
| {A209||A209-9-0|A209-437}                                           |
+---------------------------------------------------------------------+

+--------------------- {B40||B40-9-10|B40-639} ---------------------+
| {B40||B40-9-10|B40-639}                                             |
+---------------------------------------------------------------------+

+--------------------- {A6||A6-9-0|A6-231} ---------------------+
| {A6||A6-9-0|A6-231}                                                 |
+---------------------------------------------------------------------+
1

+--------------------- {A8||A8-9-0|A8-240} ---------------------+
| {A8||A8-9-0|A8-240}                                                 |
+---------------------------------------------------------------------+
2

+--------------------- {A122||A122-9-0|A122-405} ---------------------+
| {A122||A122-9-0|A122-405}                                           |
+---------------------------------------------------------------------+

+--------------------- {A10||A10-9-0|A10-249} ---------------------+
| {A10||A10-9-0|A10-249}                                              |
+---------------------------------------------------------------------+
0

+--------------------- {A123||A123-9-0|A123-409} ---------------------+
| {A123||A123-9-0|A123-409}                                           |
+---------------------------------------------------------------------+

+--------------------- {A11||A11-9-0|A11-253} ---------------------+
| {A11||A11-9-0|A11-253}                                              |
+---------------------------------------------------------------------+
1

+--------------------- {A20||A20-9-0|A20-298} ---------------------+
| {A20||A20-9-0|A20-298}                                              |
+---------------------------------------------------------------------+
2

+--------------------- {B19||B19-9-10|B19-558} ---------------------+
| {B19||B19-9-10|B19-558}                                             |
+---------------------------------------------------------------------+

+--------------------- {A21||A21-9-0|A21-308} ---------------------+
| {A21||A21-9-0|A21-308}                                              |
+---------------------------------------------------------------------+
9

+--------------------- {B34||B34-9-10|B34-619} ---------------------+
| {B34||B34-9-10|B34-619}                                             |
+---------------------------------------------------------------------+

+--------------------- {A220||A220-9-0|A220-470} ---------------------+
| {A220||A220-9-0|A220-470}                                           |
+---------------------------------------------------------------------+

+--------------------- {B47||B47-9-10|B47-663} ---------------------+
| {B47||B47-9-10|B47-663}                                             |
+---------------------------------------------------------------------+

+--------------------- {A1||A1-9-0|A1-209} ---------------------+
| {A1||A1-9-0|A1-209}                                                 |
+---------------------------------------------------------------------+
2

+--------------------- {A106||A106-9-0|A106-341} ---------------------+
| {A106||A106-9-0|A106-341}                                           |
+---------------------------------------------------------------------+

+--------------------- {A12||A12-9-0|A12-257} ---------------------+
| {A12||A12-9-0|A12-257}                                              |
+---------------------------------------------------------------------+
3

+--------------------- {B2||B2-9-10|B2-496} ---------------------+
| {B2||B2-9-10|B2-496}                                                |
+---------------------------------------------------------------------+

+--------------------- {A4||A4-9-0|A4-223} ---------------------+
| {A4||A4-9-0|A4-223}                                                 |
+---------------------------------------------------------------------+
0

+--------------------- {A113||A113-9-0|A113-369} ---------------------+
| {A113||A113-9-0|A113-369}                                           |
+---------------------------------------------------------------------+

+--------------------- {A6||A6-9-0|A6-231} ---------------------+
| {A6||A6-9-0|A6-231}                                                 |
+---------------------------------------------------------------------+
0

+--------------------- {A14||A14-9-0|A14-268} ---------------------+
| {A14||A14-9-0|A14-268}                                              |
+---------------------------------------------------------------------+
2

+--------------------- {A18||A18-9-0|A18-290} ---------------------+
| {A18||A18-9-0|A18-290}                                              |
+---------------------------------------------------------------------+
0

+--------------------- {B13||B13-9-10|B13-536} ---------------------+
| {B13||B13-9-10|B13-536}                                             |
+---------------------------------------------------------------------+

+--------------------- {A5||A5-9-0|A5-227} ---------------------+
| {A5||A5-9-0|A5-227}                                                 |
+---------------------------------------------------------------------+
1

+--------------------- {A115||A115-9-0|A115-377} ---------------------+
| {A115||A115-9-0|A115-377}                                           |
+---------------------------------------------------------------------+

+--------------------- {A209||A209-9-0|A209-437} ---------------------+
| {A209||A209-9-0|A209-437}                                           |
+---------------------------------------------------------------------+

+--------------------- {B40||B40-9-10|B40-639} ---------------------+
| {B40||B40-9-10|B40-639}                                             |
+---------------------------------------------------------------------+

+--------------------- {A6||A6-9-0|A6-231} ---------------------+
| {A6||A6-9-0|A6-231}                                                 |
+---------------------------------------------------------------------+
0

+--------------------- {A14||A14-9-0|A14-268} ---------------------+
| {A14||A14-9-0|A14-268}                                              |
+---------------------------------------------------------------------+
6

+--------------------- {B5||B5-9-10|B5-506} ---------------------+
| {B5||B5-9-10|B5-506}                                                |
+---------------------------------------------------------------------+
::::::::::::::::::::::::::::::::            WHEN HE IS BIG , THE DRIVINGWHEEL IN FOUR POLISHED AND POLISHED FIRE 
::::::::::::::::::::::::::::::::           BOX S , FOUR SANDDOME S , FOUR LITTLE AND SHINY FIREBOX S AND OILED   
::::::::::::::::::::::::::::::::           BOILER S MAKES WATER AND IT                                           

+--------------------- {A0||A0-9-0|A0-205 [DATA;]} ---------------------+
| {A0||A0-9-0|A0-205 [DATA;]}                                         |
+---------------------------------------------------------------------+
1

+--------------------- {A103||A103-9-0|A103-329} ---------------------+
| {A103||A103-9-0|A103-329}                                           |
+---------------------------------------------------------------------+

+--------------------- {A13||A13-9-0|A13-264} ---------------------+
| {A13||A13-9-0|A13-264}                                              |
+---------------------------------------------------------------------+
0

+--------------------- {A14||A14-9-0|A14-268} ---------------------+
| {A14||A14-9-0|A14-268}                                              |
+---------------------------------------------------------------------+
3

+--------------------- {A117||A117-9-0|A117-385} ---------------------+
| {A117||A117-9-0|A117-385}                                           |
+---------------------------------------------------------------------+

+--------------------- {A7||A7-9-0|A7-235} ---------------------+
| {A7||A7-9-0|A7-235}                                                 |
+---------------------------------------------------------------------+
1

+--------------------- {A19||A19-9-0|A19-294} ---------------------+
| {A19||A19-9-0|A19-294}                                              |
+---------------------------------------------------------------------+
0

+--------------------- {B15||B15-9-10|B15-544} ---------------------+
| {B15||B15-9-10|B15-544}                                             |
+---------------------------------------------------------------------+

+--------------------- {A18||A18-9-0|A18-290} ---------------------+
| {A18||A18-9-0|A18-290}                                              |
+---------------------------------------------------------------------+
1

+--------------------- {B14||B14-9-10|B14-540} ---------------------+
| {B14||B14-9-10|B14-540}                                             |
+---------------------------------------------------------------------+

+--------------------- {A1||A1-9-0|A1-209} ---------------------+
| {A1||A1-9-0|A1-209}                                                 |
+---------------------------------------------------------------------+
0

+--------------------- {A104||A104-9-0|A104-333} ---------------------+
| {A104||A104-9-0|A104-333}                                           |
+---------------------------------------------------------------------+

+--------------------- {A206||A206-9-0|A206-428} ---------------------+
| {A206||A206-9-0|A206-428}                                           |
+---------------------------------------------------------------------+

+--------------------- {B38||B38-9-10|B38-633} ---------------------+
| {B38||B38-9-10|B38-633}                                             |
+---------------------------------------------------------------------+

+--------------------- {A2||A2-9-0|A2-214} ---------------------+
| {A2||A2-9-0|A2-214}                                                 |
+---------------------------------------------------------------------+
1

+--------------------- {A20||A20-9-0|A20-298} ---------------------+
| {A20||A20-9-0|A20-298}                                              |
+---------------------------------------------------------------------+
0

+--------------------- {B17||B17-9-10|B17-550} ---------------------+
| {B17||B17-9-10|B17-550}                                             |
+---------------------------------------------------------------------+
::::::::::::::::::::::::::::::::            HIS STEAM IS BLACK                                                   
